Workbook

Sheet Questions
B2: Question # | C2: Question | D2: Solution / Evidence
B3: 1 | C3: Create a calculation to compute the Availability %. Ensure the logic includes handling for missing or error values (such as nulls or #N/A) and format the final result as a percentage. | D3: Performance Data!F2:F2540 – error-safe Available Hours ÷ Contracted Hours; formatted as %.
B4: 2 | C4: Create calculations to determine and display the Service and Band for each User by month. Use appropriate lookup or relationship-based logic to return the correct values. | D4: Performance Data!G:H – INDEX/MATCH lookup from Users for Service and Band.
B5: 3 | C5: Create a calculation that returns TRUE or FALSE to indicate whether a User belongs to Service A and has a Band 3 classification. Apply conditional logic to evaluate both criteria. | D5: Performance Data!I:I – AND(Service="Service A", Band="Band 3").
B6: 4 | C6: Create a formula or measure to calculate both the Average and Median Availability % for the year 2025, filtered to include only Service B and Users in Band 3 and Band 5. | D6: Performance Data!J:J + Summary!A7:C10 – conditional helper enables Average and Median for 2025, Service B, Bands 3 & 5.
B7: 5 | C7: Create a dynamic table or summary view that displays Availability % by month for 2025, which can be controlled using filters or slicers for both Band and Service. Accompany this with an appropriate visual to enable clear and interactive comparison across Bands and Services. | D7: Summary!A12:E25 + line chart – dynamic monthly view controlled by Service/Band dropdown filters.

Sheet Users
A1: Operational Area | B1: User | C1: FTE | D1: Band | E1: Start Date (US Format) | F1: Start Date (UK Format)
A2: Service A | B2: User1000 | C2: 1 | D2: Band 3 | E2: 12/1/2025 | F2: 45992
A3: Service A | B3: User1001 | C3: 1 | D3: Band 5 | E3: 9/22/2025 | F3: 45922
A4: Service B | B4: User1002 | C4: 0.8 | D4: Band 3 | E4: 10/6/2025 | F4: 45936
A5: Service C | B5: User1003 | C5: 1 | D5: Band 4 | E5: 12/1/2025 | F5: 45992
A6: Service A | B6: User1004 | C6: 1 | D6: Band 5 | E6: 9/15/2025 | F6: 45915
A7: Service B | B7: User1005 | C7: 1 | D7: Band 3 | E7: 10/6/2025 | F7: 45936
A8: Service B | B8: User1006 | C8: 1 | D8: Band 5 | E8: 11/3/2025 | F8: 45964
A9: Service B | B9: User1007 | C9: 1 | D9: Band 3 | E9: 10/6/2025 | F9: 45936
A10: Service A | B10: User1008 | C10: 1 | D10: Band 3 | E10: 12/1/2025 | F10: 45992
A11: Service B | B11: User1009 | C11: 1 | D11: Band 3 | E11: 10/1/2025 | F11: 45931
A12: Service A | B12: User1010 | C12: 0.9 | D12: Band 3 | E12: 12/2/2025 | F12: 45993
A13: Service A | B13: User1011 | C13: 0.81081081 | D13: Band 3 | E13: 9/15/2025 | F13: 45915
... A310: Service B | B310: User1308 | C310: 1 | D310: Band 5 | E310: 1/5/2026 | F310: 46027

Sheet Performance Data
A1: User | B1: Reporting Month | C1: Contracted Hours | D1: Available Hours | E1: Occupied Hours | F1: Availability % | G1: Service | H1: Band | I1: Service A & Band 3 | J1: Q4 Eligible Availability %
A2: User1000 | B2: 45992 | C2: 155.4 | D2: 0.5 | E2: 0.5 | F2: =IFERROR(IF(OR(C2="",D2="",C2=0),"",D2/C2),"") -> 0.0032175032 | G2: =IFERROR(INDEX(Users!$A$2:$A$310,MATCH(A2,Users!$B$2:$B$310,0)),"") -> Service A | H2: =IFERROR(INDEX(Users!$D$2:$D$310,MATCH(A2,Users!$B$2:$B$310,0)),"") -> Band 3 | I2: =AND(G2="Service A",H2="Band 3") -> TRUE | J2: =IF(AND(B2>=DATE(2025,1,1),B2<DATE(2026,1,1),G2="Service B",OR(H2="Band 3",H2="Band 5"),ISNUMBER(F2)),F2,"")
A3: User1000 | B3: 46023 | C3: 155.4 | F3: =IFERROR(IF(OR(C3="",D3="",C3=0),"",D3/C3),"") | G3: =IFERROR(INDEX(Users!$A$2:$A$310,MATCH(A3,Users!$B$2:$B$310,0)),"") -> Service A | H3: =IFERROR(INDEX(Users!$D$2:$D$310,MATCH(A3,Users!$B$2:$B$310,0)),"") -> Band 3 | I3: =AND(G3="Service A",H3="Band 3") -> TRUE | J3: =IF(AND(B3>=DATE(2025,1,1),B3<DATE(2026,1,1),G3="Service B",OR(H3="Band 3",H3="Band 5"),ISNUMBER(F3)),F3,"")
A4: User1001 | B4: 45901 | C4: 51.8 | D4: 14.8 | F4: =IFERROR(IF(OR(C4="",D4="",C4=0),"",D4/C4),"") -> 0.28571429 | G4: =IFERROR(INDEX(Users!$A$2:$A$310,MATCH(A4,Users!$B$2:$B$310,0)),"") -> Service A | H4: =IFERROR(INDEX(Users!$D$2:$D$310,MATCH(A4,Users!$B$2:$B$310,0)),"") -> Band 5 | I4: =AND(G4="Service A",H4="Band 3") -> FALSE | J4: =IF(AND(B4>=DATE(2025,1,1),B4<DATE(2026,1,1),G4="Service B",OR(H4="Band 3",H4="Band 5"),ISNUMBER(F4)),F4,"")
A5: User1001 | B5: 45931 | C5: 170.2 | D5: 170.7 | E5: 41 | F5: =IFERROR(IF(OR(C5="",D5="",C5=0),"",D5/C5),"") -> 1.0029377 | G5: =IFERROR(INDEX(Users!$A$2:$A$310,MATCH(A5,Users!$B$2:$B$310,0)),"") -> Service A | H5: =IFERROR(INDEX(Users!$D$2:$D$310,MATCH(A5,Users!$B$2:$B$310,0)),"") -> Band 5 | I5: =AND(G5="Service A",H5="Band 3") -> FALSE | J5: =IF(AND(B5>=DATE(2025,1,1),B5<DATE(2026,1,1),G5="Service B",OR(H5="Band 3",H5="Band 5"),ISNUMBER(F5)),F5,"")
A6: User1001 | B6: 45962 | C6: 148 | D6: 148.20333 | E6: 36.12 | F6: =IFERROR(IF(OR(C6="",D6="",C6=0),"",D6/C6),"") -> 1.0013739 | G6: =IFERROR(INDEX(Users!$A$2:$A$310,MATCH(A6,Users!$B$2:$B$310,0)),"") -> Service A | H6: =IFERROR(INDEX(Users!$D$2:$D$310,MATCH(A6,Users!$B$2:$B$310,0)),"") -> Band 5 | I6: =AND(G6="Service A",H6="Band 3") -> FALSE | J6: =IF(AND(B6>=DATE(2025,1,1),B6<DATE(2026,1,1),G6="Service B",OR(H6="Band 3",H6="Band 5"),ISNUMBER(F6)),F6,"")
A7: User1001 | B7: 45992 | C7: 155.4 | D7: 152.59667 | E7: 73.03 | F7: =IFERROR(IF(OR(C7="",D7="",C7=0),"",D7/C7),"") -> 0.98196053 | G7: =IFERROR(INDEX(Users!$A$2:$A$310,MATCH(A7,Users!$B$2:$B$310,0)),"") -> Service A | H7: =IFERROR(INDEX(Users!$D$2:$D$310,MATCH(A7,Users!$B$2:$B$310,0)),"") -> Band 5 | I7: =AND(G7="Service A",H7="Band 3") -> FALSE | J7: =IF(AND(B7>=DATE(2025,1,1),B7<DATE(2026,1,1),G7="Service B",OR(H7="Band 3",H7="Band 5"),ISNUMBER(F7)),F7,"")
A8: User1001 | B8: 46023 | C8: 155.4 | D8: 157.22 | E8: 72.32 | F8: =IFERROR(IF(OR(C8="",D8="",C8=0),"",D8/C8),"") -> 1.0117117 | G8: =IFERROR(INDEX(Users!$A$2:$A$310,MATCH(A8,Users!$B$2:$B$310,0)),"") -> Service A | H8: =IFERROR(INDEX(Users!$D$2:$D$310,MATCH(A8,Users!$B$2:$B$310,0)),"") -> Band 5 | I8: =AND(G8="Service A",H8="Band 3") -> FALSE | J8: =IF(AND(B8>=DATE(2025,1,1),B8<DATE(2026,1,1),G8="Service B",OR(H8="Band 3",H8="Band 5"),ISNUMBER(F8)),F8,"")
A9: User1002 | B9: 45931 | C9: 118.4 | D9: 126.95 | E9: 96.4 | F9: =IFERROR(IF(OR(C9="",D9="",C9=0),"",D9/C9),"") -> 1.0722128 | G9: =IFERROR(INDEX(Users!$A$2:$A$310,MATCH(A9,Users!$B$2:$B$310,0)),"") -> Service B | H9: =IFERROR(INDEX(Users!$D$2:$D$310,MATCH(A9,Users!$B$2:$B$310,0)),"") -> Band 3 | I9: =AND(G9="Service A",H9="Band 3") -> FALSE | J9: =IF(AND(B9>=DATE(2025,1,1),B9<DATE(2026,1,1),G9="Service B",OR(H9="Band 3",H9="Band 5"),ISNUMBER(F9)),F9,"") -> 1.0722128
A10: User1002 | B10: 45962 | C10: 118.4 | D10: 58.793333 | E10: 46.91 | F10: =IFERROR(IF(OR(C10="",D10="",C10=0),"",D10/C10),"") -> 0.49656532 | G10: =IFERROR(INDEX(Users!$A$2:$A$310,MATCH(A10,Users!$B$2:$B$310,0)),"") -> Service B | H10: =IFERROR(INDEX(Users!$D$2:$D$310,MATCH(A10,Users!$B$2:$B$310,0)),"") -> Band 3 | I10: =AND(G10="Service A",H10="Band 3") -> FALSE | J10: =IF(AND(B10>=DATE(2025,1,1),B10<DATE(2026,1,1),G10="Service B",OR(H10="Band 3",H10="Band 5"),ISNUMBER(F10)),F10,"") -> 0.49656532
A11: User1002 | B11: 45992 | C11: 118.4 | D11: 1.08 | E11: 1.08 | F11: =IFERROR(IF(OR(C11="",D11="",C11=0),"",D11/C11),"") -> 0.0091216216 | G11: =IFERROR(INDEX(Users!$A$2:$A$310,MATCH(A11,Users!$B$2:$B$310,0)),"") -> Service B | H11: =IFERROR(INDEX(Users!$D$2:$D$310,MATCH(A11,Users!$B$2:$B$310,0)),"") -> Band 3 | I11: =AND(G11="Service A",H11="Band 3") -> FALSE | J11: =IF(AND(B11>=DATE(2025,1,1),B11<DATE(2026,1,1),G11="Service B",OR(H11="Band 3",H11="Band 5"),ISNUMBER(F11)),F11,"") -> 0.0091216216
A12: User1002 | B12: 46023 | C12: 37 | D12: 13.033333 | E12: 4 | F12: =IFERROR(IF(OR(C12="",D12="",C12=0),"",D12/C12),"") -> 0.35225225 | G12: =IFERROR(INDEX(Users!$A$2:$A$310,MATCH(A12,Users!$B$2:$B$310,0)),"") -> Service B | H12: =IFERROR(INDEX(Users!$D$2:$D$310,MATCH(A12,Users!$B$2:$B$310,0)),"") -> Band 3 | I12: =AND(G12="Service A",H12="Band 3") -> FALSE | J12: =IF(AND(B12>=DATE(2025,1,1),B12<DATE(2026,1,1),G12="Service B",OR(H12="Band 3",H12="Band 5"),ISNUMBER(F12)),F12,"")
A13: User1003 | B13: 45992 | C13: 155.4 | D13: 75.016667 | E13: 0.25 | F13: =IFERROR(IF(OR(C13="",D13="",C13=0),"",D13/C13),"") -> 0.48273273 | G13: =IFERROR(INDEX(Users!$A$2:$A$310,MATCH(A13,Users!$B$2:$B$310,0)),"") -> Service C | H13: =IFERROR(INDEX(Users!$D$2:$D$310,MATCH(A13,Users!$B$2:$B$310,0)),"") -> Band 4 | I13: =AND(G13="Service A",H13="Band 3") -> FALSE | J13: =IF(AND(B13>=DATE(2025,1,1),B13<DATE(2026,1,1),G13="Service B",OR(H13="Band 3",H13="Band 5"),ISNUMBER(F13)),F13,"")
A14: User1003 | B14: 46023 | C14: 155.4 | D14: 152.05333 | E14: 15.32 | F14: =IFERROR(IF(OR(C14="",D14="",C14=0),"",D14/C14),"") -> 0.97846418 | G14: =IFERROR(INDEX(Users!$A$2:$A$310,MATCH(A14,Users!$B$2:$B$310,0)),"") -> Service C | H14: =IFERROR(INDEX(Users!$D$2:$D$310,MATCH(A14,Users!$B$2:$B$310,0)),"") -> Band 4 | I14: =AND(G14="Service A",H14="Band 3") -> FALSE | J14: =IF(AND(B14>=DATE(2025,1,1),B14<DATE(2026,1,1),G14="Service B",OR(H14="Band 3",H14="Band 5"),ISNUMBER(F14)),F14,"")
A15: User1004 | B15: 45901 | C15: 92.5 | D15: 75.38 | E15: 49.38 | F15: =IFERROR(IF(OR(C15="",D15="",C15=0),"",D15/C15),"") -> 0.81491892 | G15: =IFERROR(INDEX(Users!$A$2:$A$310,MATCH(A15,Users!$B$2:$B$310,0)),"") -> Service A | H15: =IFERROR(INDEX(Users!$D$2:$D$310,MATCH(A15,Users!$B$2:$B$310,0)),"") -> Band 5 | I15: =AND(G15="Service A",H15="Band 3") -> FALSE | J15: =IF(AND(B15>=DATE(2025,1,1),B15<DATE(2026,1,1),G15="Service B",OR(H15="Band 3",H15="Band 5"),ISNUMBER(F15)),F15,"")
A16: User1004 | B16: 45931 | C16: 166.5 | D16: 150.02 | E16: 90.27 | F16: =IFERROR(IF(OR(C16="",D16="",C16=0),"",D16/C16),"") -> 0.90102102 | G16: =IFERROR(INDEX(Users!$A$2:$A$310,MATCH(A16,Users!$B$2:$B$310,0)),"") -> Service A | H16: =IFERROR(INDEX(Users!$D$2:$D$310,MATCH(A16,Users!$B$2:$B$310,0)),"") -> Band 5 | I16: =AND(G16="Service A",H16="Band 3") -> FALSE | J16: =IF(AND(B16>=DATE(2025,1,1),B16<DATE(2026,1,1),G16="Service B",OR(H16="Band 3",H16="Band 5"),ISNUMBER(F16)),F16,"")
... A19: User1004 | B19: 46023 | C19: 148 | D19: 94.05 | E19: 59.5 | F19: =IFERROR(IF(OR(C19="",D19="",C19=0),"",D19/C19),"") -> 0.63547297 | G19: =IFERROR(INDEX(Users!$A$2:$A$310,MATCH(A19,Users!$B$2:$B$310,0)),"") -> Service A | H19: =IFERROR(INDEX(Users!$D$2:$D$310,MATCH(A19,Users!$B$2:$B$310,0)),"") -> Band 5 | I19: =AND(G19="Service A",H19="Band 3") -> FALSE | J19: =IF(AND(B19>=DATE(2025,1,1),B19<DATE(2026,1,1),G19="Service B",OR(H19="Band 3",H19="Band 5"),ISNUMBER(F19)),F19,"")
A20: User1005 | B20: 45931 | C20: 148 | D20: 117.76667 | F20: =IFERROR(IF(OR(C20="",D20="",C20=0),"",D20/C20),"") -> 0.79572072 | G20: =IFERROR(INDEX(Users!$A$2:$A$310,MATCH(A20,Users!$B$2:$B$310,0)),"") -> Service B | H20: =IFERROR(INDEX(Users!$D$2:$D$310,MATCH(A20,Users!$B$2:$B$310,0)),"") -> Band 3 | I20: =AND(G20="Service A",H20="Band 3") -> FALSE | J20: =IF(AND(B20>=DATE(2025,1,1),B20<DATE(2026,1,1),G20="Service B",OR(H20="Band 3",H20="Band 5"),ISNUMBER(F20)),F20,"") -> 0.79572072
A21: User1005 | B21: 45962 | C21: 148 | D21: 58.966667 | E21: 2.55 | F21: =IFERROR(IF(OR(C21="",D21="",C21=0),"",D21/C21),"") -> 0.39842342 | G21: =IFERROR(INDEX(Users!$A$2:$A$310,MATCH(A21,Users!$B$2:$B$310,0)),"") -> Service B | H21: =IFERROR(INDEX(Users!$D$2:$D$310,MATCH(A21,Users!$B$2:$B$310,0)),"") -> Band 3 | I21: =AND(G21="Service A",H21="Band 3") -> FALSE | J21: =IF(AND(B21>=DATE(2025,1,1),B21<DATE(2026,1,1),G21="Service B",OR(H21="Band 3",H21="Band 5"),ISNUMBER(F21)),F21,"") -> 0.39842342
A22: User1005 | B22: 45992 | C22: 155.4 | D22: 14 | E22: 14 | F22: =IFERROR(IF(OR(C22="",D22="",C22=0),"",D22/C22),"") -> 0.09009009 | G22: =IFERROR(INDEX(Users!$A$2:$A$310,MATCH(A22,Users!$B$2:$B$310,0)),"") -> Service B | H22: =IFERROR(INDEX(Users!$D$2:$D$310,MATCH(A22,Users!$B$2:$B$310,0)),"") -> Band 3 | I22: =AND(G22="Service A",H22="Band 3") -> FALSE | J22: =IF(AND(B22>=DATE(2025,1,1),B22<DATE(2026,1,1),G22="Service B",OR(H22="Band 3",H22="Band 5"),ISNUMBER(F22)),F22,"") -> 0.09009009
A23: User1005 | B23: 46023 | C23: 155.4 | D23: 150.58333 | E23: 34 | F23: =IFERROR(IF(OR(C23="",D23="",C23=0),"",D23/C23),"") -> 0.96900472 | G23: =IFERROR(INDEX(Users!$A$2:$A$310,MATCH(A23,Users!$B$2:$B$310,0)),"") -> Service B | H23: =IFERROR(INDEX(Users!$D$2:$D$310,MATCH(A23,Users!$B$2:$B$310,0)),"") -> Band 3 | I23: =AND(G23="Service A",H23="Band 3") -> FALSE | J23: =IF(AND(B23>=DATE(2025,1,1),B23<DATE(2026,1,1),G23="Service B",OR(H23="Band 3",H23="Band 5"),ISNUMBER(F23)),F23,"")
A24: User1006 | B24: 45962 | C24: 148 | F24: =IFERROR(IF(OR(C24="",D24="",C24=0),"",D24/C24),"") | G24: =IFERROR(INDEX(Users!$A$2:$A$310,MATCH(A24,Users!$B$2:$B$310,0)),"") -> Service B | H24: =IFERROR(INDEX(Users!$D$2:$D$310,MATCH(A24,Users!$B$2:$B$310,0)),"") -> Band 5 | I24: =AND(G24="Service A",H24="Band 3") -> FALSE | J24: =IF(AND(B24>=DATE(2025,1,1),B24<DATE(2026,1,1),G24="Service B",OR(H24="Band 3",H24="Band 5"),ISNUMBER(F24)),F24,"")
A25: User1006 | B25: 45992 | C25: 155.4 | F25: =IFERROR(IF(OR(C25="",D25="",C25=0),"",D25/C25),"") | G25: =IFERROR(INDEX(Users!$A$2:$A$310,MATCH(A25,Users!$B$2:$B$310,0)),"") -> Service B | H25: =IFERROR(INDEX(Users!$D$2:$D$310,MATCH(A25,Users!$B$2:$B$310,0)),"") -> Band 5 | I25: =AND(G25="Service A",H25="Band 3") -> FALSE | J25: =IF(AND(B25>=DATE(2025,1,1),B25<DATE(2026,1,1),G25="Service B",OR(H25="Band 3",H25="Band 5"),ISNUMBER(F25)),F25,"")
A26: User1006 | B26: 46023 | C26: 155.4 | F26: =IFERROR(IF(OR(C26="",D26="",C26=0),"",D26/C26),"") | G26: =IFERROR(INDEX(Users!$A$2:$A$310,MATCH(A26,Users!$B$2:$B$310,0)),"") -> Service B | H26: =IFERROR(INDEX(Users!$D$2:$D$310,MATCH(A26,Users!$B$2:$B$310,0)),"") -> Band 5 | I26: =AND(G26="Service A",H26="Band 3") -> FALSE | J26: =IF(AND(B26>=DATE(2025,1,1),B26<DATE(2026,1,1),G26="Service B",OR(H26="Band 3",H26="Band 5"),ISNUMBER(F26)),F26,"")
A27: User1007 | B27: 45931 | C27: 148 | D27: 52.033333 | F27: =IFERROR(IF(OR(C27="",D27="",C27=0),"",D27/C27),"") -> 0.35157658 | G27: =IFERROR(INDEX(Users!$A$2:$A$310,MATCH(A27,Users!$B$2:$B$310,0)),"") -> Service B | H27: =IFERROR(INDEX(Users!$D$2:$D$310,MATCH(A27,Users!$B$2:$B$310,0)),"") -> Band 3 | I27: =AND(G27="Service A",H27="Band 3") -> FALSE | J27: =IF(AND(B27>=DATE(2025,1,1),B27<DATE(2026,1,1),G27="Service B",OR(H27="Band 3",H27="Band 5"),ISNUMBER(F27)),F27,"") -> 0.35157658
A28: User1007 | B28: 45962 | C28: 148 | D28: 7.9166667 | F28: =IFERROR(IF(OR(C28="",D28="",C28=0),"",D28/C28),"") -> 0.053490991 | G28: =IFERROR(INDEX(Users!$A$2:$A$310,MATCH(A28,Users!$B$2:$B$310,0)),"") -> Service B | H28: =IFERROR(INDEX(Users!$D$2:$D$310,MATCH(A28,Users!$B$2:$B$310,0)),"") -> Band 3 | I28: =AND(G28="Service A",H28="Band 3") -> FALSE | J28: =IF(AND(B28>=DATE(2025,1,1),B28<DATE(2026,1,1),G28="Service B",OR(H28="Band 3",H28="Band 5"),ISNUMBER(F28)),F28,"") -> 0.053490991
A29: User1007 | B29: 45992 | C29: 155.4 | D29: 1.25 | E29: 1.25 | F29: =IFERROR(IF(OR(C29="",D29="",C29=0),"",D29/C29),"") -> 0.008043758 | G29: =IFERROR(INDEX(Users!$A$2:$A$310,MATCH(A29,Users!$B$2:$B$310,0)),"") -> Service B | H29: =IFERROR(INDEX(Users!$D$2:$D$310,MATCH(A29,Users!$B$2:$B$310,0)),"") -> Band 3 | I29: =AND(G29="Service A",H29="Band 3") -> FALSE | J29: =IF(AND(B29>=DATE(2025,1,1),B29<DATE(2026,1,1),G29="Service B",OR(H29="Band 3",H29="Band 5"),ISNUMBER(F29)),F29,"") -> 0.008043758
A30: User1007 | B30: 46023 | C30: 155.4 | D30: 95.06 | E30: 22.31 | F30: =IFERROR(IF(OR(C30="",D30="",C30=0),"",D30/C30),"") -> 0.61171171 | G30: =IFERROR(INDEX(Users!$A$2:$A$310,MATCH(A30,Users!$B$2:$B$310,0)),"") -> Service B | H30: =IFERROR(INDEX(Users!$D$2:$D$310,MATCH(A30,Users!$B$2:$B$310,0)),"") -> Band 3 | I30: =AND(G30="Service A",H30="Band 3") -> FALSE | J30: =IF(AND(B30>=DATE(2025,1,1),B30<DATE(2026,1,1),G30="Service B",OR(H30="Band 3",H30="Band 5"),ISNUMBER(F30)),F30,"")
A31: User1008 | B31: 45992 | C31: 155.4 | D31: 81.4 | F31: =IFERROR(IF(OR(C31="",D31="",C31=0),"",D31/C31),"") -> 0.52380952 | G31: =IFERROR(INDEX(Users!$A$2:$A$310,MATCH(A31,Users!$B$2:$B$310,0)),"") -> Service A | H31: =IFERROR(INDEX(Users!$D$2:$D$310,MATCH(A31,Users!$B$2:$B$310,0)),"") -> Band 3 | I31: =AND(G31="Service A",H31="Band 3") -> TRUE | J31: =IF(AND(B31>=DATE(2025,1,1),B31<DATE(2026,1,1),G31="Service B",OR(H31="Band 3",H31="Band 5"),ISNUMBER(F31)),F31,"")
A32: User1008 | B32: 46023 | C32: 155.4 | D32: 140.6 | F32: =IFERROR(IF(OR(C32="",D32="",C32=0),"",D32/C32),"") -> 0.9047619 | G32: =IFERROR(INDEX(Users!$A$2:$A$310,MATCH(A32,Users!$B$2:$B$310,0)),"") -> Service A | H32: =IFERROR(INDEX(Users!$D$2:$D$310,MATCH(A32,Users!$B$2:$B$310,0)),"") -> Band 3 | I32: =AND(G32="Service A",H32="Band 3") -> TRUE | J32: =IF(AND(B32>=DATE(2025,1,1),B32<DATE(2026,1,1),G32="Service B",OR(H32="Band 3",H32="Band 5"),ISNUMBER(F32)),F32,"")
A33: User1009 | B33: 45901 | F33: =IFERROR(IF(OR(C33="",D33="",C33=0),"",D33/C33),"") | G33: =IFERROR(INDEX(Users!$A$2:$A$310,MATCH(A33,Users!$B$2:$B$310,0)),"") -> Service B | H33: =IFERROR(INDEX(Users!$D$2:$D$310,MATCH(A33,Users!$B$2:$B$310,0)),"") -> Band 3 | I33: =AND(G33="Service A",H33="Band 3") -> FALSE | J33: =IF(AND(B33>=DATE(2025,1,1),B33<DATE(2026,1,1),G33="Service B",OR(H33="Band 3",H33="Band 5"),ISNUMBER(F33)),F33,"")
A34: User1009 | B34: 45931 | C34: 166.5 | F34: =IFERROR(IF(OR(C34="",D34="",C34=0),"",D34/C34),"") | G34: =IFERROR(INDEX(Users!$A$2:$A$310,MATCH(A34,Users!$B$2:$B$310,0)),"") -> Service B | H34: =IFERROR(INDEX(Users!$D$2:$D$310,MATCH(A34,Users!$B$2:$B$310,0)),"") -> Band 3 | I34: =AND(G34="Service A",H34="Band 3") -> FALSE | J34: =IF(AND(B34>=DATE(2025,1,1),B34<DATE(2026,1,1),G34="Service B",OR(H34="Band 3",H34="Band 5"),ISNUMBER(F34)),F34,"")
A35: User1009 | B35: 45962 | C35: 148 | D35: 56.781111 | F35: =IFERROR(IF(OR(C35="",D35="",C35=0),"",D35/C35),"") -> 0.38365616 | G35: =IFERROR(INDEX(Users!$A$2:$A$310,MATCH(A35,Users!$B$2:$B$310,0)),"") -> Service B | H35: =IFERROR(INDEX(Users!$D$2:$D$310,MATCH(A35,Users!$B$2:$B$310,0)),"") -> Band 3 | I35: =AND(G35="Service A",H35="Band 3") -> FALSE | J35: =IF(AND(B35>=DATE(2025,1,1),B35<DATE(2026,1,1),G35="Service B",OR(H35="Band 3",H35="Band 5"),ISNUMBER(F35)),F35,"") -> 0.38365616
A36: User1009 | B36: 45992 | C36: 166.5 | D36: 1.42 | E36: 1.42 | F36: =IFERROR(IF(OR(C36="",D36="",C36=0),"",D36/C36),"") -> 0.0085285285 | G36: =IFERROR(INDEX(Users!$A$2:$A$310,MATCH(A36,Users!$B$2:$B$310,0)),"") -> Service B | H36: =IFERROR(INDEX(Users!$D$2:$D$310,MATCH(A36,Users!$B$2:$B$310,0)),"") -> Band 3 | I36: =AND(G36="Service A",H36="Band 3") -> FALSE | J36: =IF(AND(B36>=DATE(2025,1,1),B36<DATE(2026,1,1),G36="Service B",OR(H36="Band 3",H36="Band 5"),ISNUMBER(F36)),F36,"") -> 0.0085285285
A37: User1009 | B37: 46023 | C37: 148 | D37: 2.53 | E37: 2.53 | F37: =IFERROR(IF(OR(C37="",D37="",C37=0),"",D37/C37),"") -> 0.017094595 | G37: =IFERROR(INDEX(Users!$A$2:$A$310,MATCH(A37,Users!$B$2:$B$310,0)),"") -> Service B | H37: =IFERROR(INDEX(Users!$D$2:$D$310,MATCH(A37,Users!$B$2:$B$310,0)),"") -> Band 3 | I37: =AND(G37="Service A",H37="Band 3") -> FALSE | J37: =IF(AND(B37>=DATE(2025,1,1),B37<DATE(2026,1,1),G37="Service B",OR(H37="Band 3",H37="Band 5"),ISNUMBER(F37)),F37,"")
A38: User1010 | B38: 45992 | C38: 133.2 | F38: =IFERROR(IF(OR(C38="",D38="",C38=0),"",D38/C38),"") | G38: =IFERROR(INDEX(Users!$A$2:$A$310,MATCH(A38,Users!$B$2:$B$310,0)),"") -> Service A | H38: =IFERROR(INDEX(Users!$D$2:$D$310,MATCH(A38,Users!$B$2:$B$310,0)),"") -> Band 3 | I38: =AND(G38="Service A",H38="Band 3") -> TRUE | J38: =IF(AND(B38>=DATE(2025,1,1),B38<DATE(2026,1,1),G38="Service B",OR(H38="Band 3",H38="Band 5"),ISNUMBER(F38)),F38,"")
A39: User1010 | B39: 46023 | C39: 140.6 | F39: =IFERROR(IF(OR(C39="",D39="",C39=0),"",D39/C39),"") | G39: =IFERROR(INDEX(Users!$A$2:$A$310,MATCH(A39,Users!$B$2:$B$310,0)),"") -> Service A | H39: =IFERROR(INDEX(Users!$D$2:$D$310,MATCH(A39,Users!$B$2:$B$310,0)),"") -> Band 3 | I39: =AND(G39="Service A",H39="Band 3") -> TRUE | J39: =IF(AND(B39>=DATE(2025,1,1),B39<DATE(2026,1,1),G39="Service B",OR(H39="Band 3",H39="Band 5"),ISNUMBER(F39)),F39,"")
A40: User1011 | B40: 45901 | C40: 76 | D40: 72.903333 | E40: 57.07 | F40: =IFERROR(IF(OR(C40="",D40="",C40=0),"",D40/C40),"") -> 0.95925439 | G40: =IFERROR(INDEX(Users!$A$2:$A$310,MATCH(A40,Users!$B$2:$B$310,0)),"") -> Service A | H40: =IFERROR(INDEX(Users!$D$2:$D$310,MATCH(A40,Users!$B$2:$B$310,0)),"") -> Band 3 | I40: =AND(G40="Service A",H40="Band 3") -> TRUE | J40: =IF(AND(B40>=DATE(2025,1,1),B40<DATE(2026,1,1),G40="Service B",OR(H40="Band 3",H40="Band 5"),ISNUMBER(F40)),F40,"")
A41: User1011 | B41: 45931 | C41: 134 | D41: 119.17667 | E41: 87.01 | F41: =IFERROR(IF(OR(C41="",D41="",C41=0),"",D41/C41),"") -> 0.88937811 | G41: =IFERROR(INDEX(Users!$A$2:$A$310,MATCH(A41,Users!$B$2:$B$310,0)),"") -> Service A | H41: =IFERROR(INDEX(Users!$D$2:$D$310,MATCH(A41,Users!$B$2:$B$310,0)),"") -> Band 3 | I41: =AND(G41="Service A",H41="Band 3") -> TRUE | J41: =IF(AND(B41>=DATE(2025,1,1),B41<DATE(2026,1,1),G41="Service B",OR(H41="Band 3",H41="Band 5"),ISNUMBER(F41)),F41,"")
A42: User1011 | B42: 45962 | C42: 120 | D42: 107.5 | E42: 87.5 | F42: =IFERROR(IF(OR(C42="",D42="",C42=0),"",D42/C42),"") -> 0.89583333 | G42: =IFERROR(INDEX(Users!$A$2:$A$310,MATCH(A42,Users!$B$2:$B$310,0)),"") -> Service A | H42: =IFERROR(INDEX(Users!$D$2:$D$310,MATCH(A42,Users!$B$2:$B$310,0)),"") -> Band 3 | I42: =AND(G42="Service A",H42="Band 3") -> TRUE | J42: =IF(AND(B42>=DATE(2025,1,1),B42<DATE(2026,1,1),G42="Service B",OR(H42="Band 3",H42="Band 5"),ISNUMBER(F42)),F42,"")
A43: User1011 | B43: 45992 | C43: 138 | D43: 72.25 | E43: 45.25 | F43: =IFERROR(IF(OR(C43="",D43="",C43=0),"",D43/C43),"") -> 0.52355072 | G43: =IFERROR(INDEX(Users!$A$2:$A$310,MATCH(A43,Users!$B$2:$B$310,0)),"") -> Service A | H43: =IFERROR(INDEX(Users!$D$2:$D$310,MATCH(A43,Users!$B$2:$B$310,0)),"") -> Band 3 | I43: =AND(G43="Service A",H43="Band 3") -> TRUE | J43: =IF(AND(B43>=DATE(2025,1,1),B43<DATE(2026,1,1),G43="Service B",OR(H43="Band 3",H43="Band 5"),ISNUMBER(F43)),F43,"")
A44: User1011 | B44: 46023 | C44: 120 | D44: 118.07667 | E44: 95.91 | F44: =IFERROR(IF(OR(C44="",D44="",C44=0),"",D44/C44),"") -> 0.98397222 | G44: =IFERROR(INDEX(Users!$A$2:$A$310,MATCH(A44,Users!$B$2:$B$310,0)),"") -> Service A | H44: =IFERROR(INDEX(Users!$D$2:$D$310,MATCH(A44,Users!$B$2:$B$310,0)),"") -> Band 3 | I44: =AND(G44="Service A",H44="Band 3") -> TRUE | J44: =IF(AND(B44>=DATE(2025,1,1),B44<DATE(2026,1,1),G44="Service B",OR(H44="Band 3",H44="Band 5"),ISNUMBER(F44)),F44,"")
A45: User1012 | B45: 45992 | C45: 155.4 | D45: 137.2 | E45: 0.3 | F45: =IFERROR(IF(OR(C45="",D45="",C45=0),"",D45/C45),"") -> 0.88288288 | G45: =IFERROR(INDEX(Users!$A$2:$A$310,MATCH(A45,Users!$B$2:$B$310,0)),"") -> Service B | H45: =IFERROR(INDEX(Users!$D$2:$D$310,MATCH(A45,Users!$B$2:$B$310,0)),"") -> Band 3 | I45: =AND(G45="Service A",H45="Band 3") -> FALSE | J45: =IF(AND(B45>=DATE(2025,1,1),B45<DATE(2026,1,1),G45="Service B",OR(H45="Band 3",H45="Band 5"),ISNUMBER(F45)),F45,"") -> 0.88288288
A46: User1012 | B46: 46023 | C46: 155.4 | D46: 139.30806 | E46: 12.25 | F46: =IFERROR(IF(OR(C46="",D46="",C46=0),"",D46/C46),"") -> 0.89644823 | G46: =IFERROR(INDEX(Users!$A$2:$A$310,MATCH(A46,Users!$B$2:$B$310,0)),"") -> Service B | H46: =IFERROR(INDEX(Users!$D$2:$D$310,MATCH(A46,Users!$B$2:$B$310,0)),"") -> Band 3 | I46: =AND(G46="Service A",H46="Band 3") -> FALSE | J46: =IF(AND(B46>=DATE(2025,1,1),B46<DATE(2026,1,1),G46="Service B",OR(H46="Band 3",H46="Band 5"),ISNUMBER(F46)),F46,"")
A47: User1013 | B47: 45962 | C47: 111 | F47: =IFERROR(IF(OR(C47="",D47="",C47=0),"",D47/C47),"") | G47: =IFERROR(INDEX(Users!$A$2:$A$310,MATCH(A47,Users!$B$2:$B$310,0)),"") -> Service B | H47: =IFERROR(INDEX(Users!$D$2:$D$310,MATCH(A47,Users!$B$2:$B$310,0)),"") -> Band 3 | I47: =AND(G47="Service A",H47="Band 3") -> FALSE | J47: =IF(AND(B47>=DATE(2025,1,1),B47<DATE(2026,1,1),G47="Service B",OR(H47="Band 3",H47="Band 5"),ISNUMBER(F47)),F47,"")
A48: User1013 | B48: 45992 | C48: 148 | D48: 7.1022222 | E48: 7.08 | F48: =IFERROR(IF(OR(C48="",D48="",C48=0),"",D48/C48),"") -> 0.047987988 | G48: =IFERROR(INDEX(Users!$A$2:$A$310,MATCH(A48,Users!$B$2:$B$310,0)),"") -> Service B | H48: =IFERROR(INDEX(Users!$D$2:$D$310,MATCH(A48,Users!$B$2:$B$310,0)),"") -> Band 3 | I48: =AND(G48="Service A",H48="Band 3") -> FALSE | J48: =IF(AND(B48>=DATE(2025,1,1),B48<DATE(2026,1,1),G48="Service B",OR(H48="Band 3",H48="Band 5"),ISNUMBER(F48)),F48,"") -> 0.047987988
A49: User1013 | B49: 46023 | C49: 157.25 | D49: 162.37667 | E49: 78.61 | F49: =IFERROR(IF(OR(C49="",D49="",C49=0),"",D49/C49),"") -> 1.032602 | G49: =IFERROR(INDEX(Users!$A$2:$A$310,MATCH(A49,Users!$B$2:$B$310,0)),"") -> Service B | H49: =IFERROR(INDEX(Users!$D$2:$D$310,MATCH(A49,Users!$B$2:$B$310,0)),"") -> Band 3 | I49: =AND(G49="Service A",H49="Band 3") -> FALSE | J49: =IF(AND(B49>=DATE(2025,1,1),B49<DATE(2026,1,1),G49="Service B",OR(H49="Band 3",H49="Band 5"),ISNUMBER(F49)),F49,"")
A50: User1014 | B50: 45962 | C50: 148 | F50: =IFERROR(IF(OR(C50="",D50="",C50=0),"",D50/C50),"") | G50: =IFERROR(INDEX(Users!$A$2:$A$310,MATCH(A50,Users!$B$2:$B$310,0)),"") -> Service B | H50: =IFERROR(INDEX(Users!$D$2:$D$310,MATCH(A50,Users!$B$2:$B$310,0)),"") -> Band 5 | I50: =AND(G50="Service A",H50="Band 3") -> FALSE | J50: =IF(AND(B50>=DATE(2025,1,1),B50<DATE(2026,1,1),G50="Service B",OR(H50="Band 3",H50="Band 5"),ISNUMBER(F50)),F50,"")
A51: User1014 | B51: 45992 | C51: 155.4 | D51: 19.053333 | E51: 7.32 | F51: =IFERROR(IF(OR(C51="",D51="",C51=0),"",D51/C51),"") -> 0.12260832 | G51: =IFERROR(INDEX(Users!$A$2:$A$310,MATCH(A51,Users!$B$2:$B$310,0)),"") -> Service B | H51: =IFERROR(INDEX(Users!$D$2:$D$310,MATCH(A51,Users!$B$2:$B$310,0)),"") -> Band 5 | I51: =AND(G51="Service A",H51="Band 3") -> FALSE | J51: =IF(AND(B51>=DATE(2025,1,1),B51<DATE(2026,1,1),G51="Service B",OR(H51="Band 3",H51="Band 5"),ISNUMBER(F51)),F51,"") -> 0.12260832
A52: User1014 | B52: 46023 | C52: 155.4 | D52: 106.95 | E52: 73 | F52: =IFERROR(IF(OR(C52="",D52="",C52=0),"",D52/C52),"") -> 0.68822394 | G52: =IFERROR(INDEX(Users!$A$2:$A$310,MATCH(A52,Users!$B$2:$B$310,0)),"") -> Service B | H52: =IFERROR(INDEX(Users!$D$2:$D$310,MATCH(A52,Users!$B$2:$B$310,0)),"") -> Band 5 | I52: =AND(G52="Service A",H52="Band 3") -> FALSE | J52: =IF(AND(B52>=DATE(2025,1,1),B52<DATE(2026,1,1),G52="Service B",OR(H52="Band 3",H52="Band 5"),ISNUMBER(F52)),F52,"")
A53: User1015 | B53: 45992 | C53: 118.4 | D53: 105.44667 | E53: 52.53 | F53: =IFERROR(IF(OR(C53="",D53="",C53=0),"",D53/C53),"") -> 0.89059685 | G53: =IFERROR(INDEX(Users!$A$2:$A$310,MATCH(A53,Users!$B$2:$B$310,0)),"") -> Service C | H53: =IFERROR(INDEX(Users!$D$2:$D$310,MATCH(A53,Users!$B$2:$B$310,0)),"") -> Band 4 | I53: =AND(G53="Service A",H53="Band 3") -> FALSE | J53: =IF(AND(B53>=DATE(2025,1,1),B53<DATE(2026,1,1),G53="Service B",OR(H53="Band 3",H53="Band 5"),ISNUMBER(F53)),F53,"")
A54: User1015 | B54: 46023 | C54: 155.4 | D54: 106.1 | E54: 46.85 | F54: =IFERROR(IF(OR(C54="",D54="",C54=0),"",D54/C54),"") -> 0.68275418 | G54: =IFERROR(INDEX(Users!$A$2:$A$310,MATCH(A54,Users!$B$2:$B$310,0)),"") -> Service C | H54: =IFERROR(INDEX(Users!$D$2:$D$310,MATCH(A54,Users!$B$2:$B$310,0)),"") -> Band 4 | I54: =AND(G54="Service A",H54="Band 3") -> FALSE | J54: =IF(AND(B54>=DATE(2025,1,1),B54<DATE(2026,1,1),G54="Service B",OR(H54="Band 3",H54="Band 5"),ISNUMBER(F54)),F54,"")
A55: User1016 | B55: 45901 | C55: 51.8 | D55: 37.686944 | F55: =IFERROR(IF(OR(C55="",D55="",C55=0),"",D55/C55),"") -> 0.72754719 | G55: =IFERROR(INDEX(Users!$A$2:$A$310,MATCH(A55,Users!$B$2:$B$310,0)),"") -> Service A | H55: =IFERROR(INDEX(Users!$D$2:$D$310,MATCH(A55,Users!$B$2:$B$310,0)),"") -> Band 5 | I55: =AND(G55="Service A",H55="Band 3") -> FALSE | J55: =IF(AND(B55>=DATE(2025,1,1),B55<DATE(2026,1,1),G55="Service B",OR(H55="Band 3",H55="Band 5"),ISNUMBER(F55)),F55,"")
A56: User1016 | B56: 45931 | C56: 170.2 | D56: 176.72 | E56: 20.17 | F56: =IFERROR(IF(OR(C56="",D56="",C56=0),"",D56/C56),"") -> 1.0383079 | G56: =IFERROR(INDEX(Users!$A$2:$A$310,MATCH(A56,Users!$B$2:$B$310,0)),"") -> Service A | H56: =IFERROR(INDEX(Users!$D$2:$D$310,MATCH(A56,Users!$B$2:$B$310,0)),"") -> Band 5 | I56: =AND(G56="Service A",H56="Band 3") -> FALSE | J56: =IF(AND(B56>=DATE(2025,1,1),B56<DATE(2026,1,1),G56="Service B",OR(H56="Band 3",H56="Band 5"),ISNUMBER(F56)),F56,"")
A57: User1016 | B57: 45962 | C57: 148 | D57: 130.56667 | E57: 27.4 | F57: =IFERROR(IF(OR(C57="",D57="",C57=0),"",D57/C57),"") -> 0.88220721 | G57: =IFERROR(INDEX(Users!$A$2:$A$310,MATCH(A57,Users!$B$2:$B$310,0)),"") -> Service A | H57: =IFERROR(INDEX(Users!$D$2:$D$310,MATCH(A57,Users!$B$2:$B$310,0)),"") -> Band 5 | I57: =AND(G57="Service A",H57="Band 3") -> FALSE | J57: =IF(AND(B57>=DATE(2025,1,1),B57<DATE(2026,1,1),G57="Service B",OR(H57="Band 3",H57="Band 5"),ISNUMBER(F57)),F57,"")
A58: User1016 | B58: 45992 | C58: 155.4 | D58: 132.3125 | E58: 59.03 | F58: =IFERROR(IF(OR(C58="",D58="",C58=0),"",D58/C58),"") -> 0.85143179 | G58: =IFERROR(INDEX(Users!$A$2:$A$310,MATCH(A58,Users!$B$2:$B$310,0)),"") -> Service A | H58: =IFERROR(INDEX(Users!$D$2:$D$310,MATCH(A58,Users!$B$2:$B$310,0)),"") -> Band 5 | I58: =AND(G58="Service A",H58="Band 3") -> FALSE | J58: =IF(AND(B58>=DATE(2025,1,1),B58<DATE(2026,1,1),G58="Service B",OR(H58="Band 3",H58="Band 5"),ISNUMBER(F58)),F58,"")
A59: User1016 | B59: 46023 | C59: 155.4 | D59: 158.91333 | E59: 106.18 | F59: =IFERROR(IF(OR(C59="",D59="",C59=0),"",D59/C59),"") -> 1.0226083 | G59: =IFERROR(INDEX(Users!$A$2:$A$310,MATCH(A59,Users!$B$2:$B$310,0)),"") -> Service A | H59: =IFERROR(INDEX(Users!$D$2:$D$310,MATCH(A59,Users!$B$2:$B$310,0)),"") -> Band 5 | I59: =AND(G59="Service A",H59="Band 3") -> FALSE | J59: =IF(AND(B59>=DATE(2025,1,1),B59<DATE(2026,1,1),G59="Service B",OR(H59="Band 3",H59="Band 5"),ISNUMBER(F59)),F59,"")
A60: User1017 | B60: 45992 | C60: 127.5 | D60: 94.576667 | E60: 59.66 | F60: =IFERROR(IF(OR(C60="",D60="",C60=0),"",D60/C60),"") -> 0.74177778 | G60: =IFERROR(INDEX(Users!$A$2:$A$310,MATCH(A60,Users!$B$2:$B$310,0)),"") -> Service A | H60: =IFERROR(INDEX(Users!$D$2:$D$310,MATCH(A60,Users!$B$2:$B$310,0)),"") -> Band 3 | I60: =AND(G60="Service A",H60="Band 3") -> TRUE | J60: =IF(AND(B60>=DATE(2025,1,1),B60<DATE(2026,1,1),G60="Service B",OR(H60="Band 3",H60="Band 5"),ISNUMBER(F60)),F60,"")
A61: User1017 | B61: 46023 | C61: 120 | D61: 127.84667 | E61: 88.43 | F61: =IFERROR(IF(OR(C61="",D61="",C61=0),"",D61/C61),"") -> 1.0653889 | G61: =IFERROR(INDEX(Users!$A$2:$A$310,MATCH(A61,Users!$B$2:$B$310,0)),"") -> Service A | H61: =IFERROR(INDEX(Users!$D$2:$D$310,MATCH(A61,Users!$B$2:$B$310,0)),"") -> Band 3 | I61: =AND(G61="Service A",H61="Band 3") -> TRUE | J61: =IF(AND(B61>=DATE(2025,1,1),B61<DATE(2026,1,1),G61="Service B",OR(H61="Band 3",H61="Band 5"),ISNUMBER(F61)),F61,"")
A62: User1018 | B62: 45658 | C62: 162.8 | F62: =IFERROR(IF(OR(C62="",D62="",C62=0),"",D62/C62),"") | G62: =IFERROR(INDEX(Users!$A$2:$A$310,MATCH(A62,Users!$B$2:$B$310,0)),"") -> Service A | H62: =IFERROR(INDEX(Users!$D$2:$D$310,MATCH(A62,Users!$B$2:$B$310,0)),"") -> Band 3 | I62: =AND(G62="Service A",H62="Band 3") -> TRUE | J62: =IF(AND(B62>=DATE(2025,1,1),B62<DATE(2026,1,1),G62="Service B",OR(H62="Band 3",H62="Band 5"),ISNUMBER(F62)),F62,"")
A63: User1018 | B63: 45689 | C63: 74 | F63: =IFERROR(IF(OR(C63="",D63="",C63=0),"",D63/C63),"") | G63: =IFERROR(INDEX(Users!$A$2:$A$310,MATCH(A63,Users!$B$2:$B$310,0)),"") -> Service A | H63: =IFERROR(INDEX(Users!$D$2:$D$310,MATCH(A63,Users!$B$2:$B$310,0)),"") -> Band 3 | I63: =AND(G63="Service A",H63="Band 3") -> TRUE | J63: =IF(AND(B63>=DATE(2025,1,1),B63<DATE(2026,1,1),G63="Service B",OR(H63="Band 3",H63="Band 5"),ISNUMBER(F63)),F63,"")
A64: User1019 | B64: 45658 | C64: 162.8 | D64: 88.953333 | E64: 6.42 | F64: =IFERROR(IF(OR(C64="",D64="",C64=0),"",D64/C64),"") -> 0.5463964 | G64: =IFERROR(INDEX(Users!$A$2:$A$310,MATCH(A64,Users!$B$2:$B$310,0)),"") -> Service B | H64: =IFERROR(INDEX(Users!$D$2:$D$310,MATCH(A64,Users!$B$2:$B$310,0)),"") -> Band 3 | I64: =AND(G64="Service A",H64="Band 3") -> FALSE | J64: =IF(AND(B64>=DATE(2025,1,1),B64<DATE(2026,1,1),G64="Service B",OR(H64="Band 3",H64="Band 5"),ISNUMBER(F64)),F64,"") -> 0.5463964
A65: User1019 | B65: 45689 | C65: 148 | D65: 159.98667 | E65: 27.62 | F65: =IFERROR(IF(OR(C65="",D65="",C65=0),"",D65/C65),"") -> 1.080991 | G65: =IFERROR(INDEX(Users!$A$2:$A$310,MATCH(A65,Users!$B$2:$B$310,0)),"") -> Service B | H65: =IFERROR(INDEX(Users!$D$2:$D$310,MATCH(A65,Users!$B$2:$B$310,0)),"") -> Band 3 | I65: =AND(G65="Service A",H65="Band 3") -> FALSE | J65: =IF(AND(B65>=DATE(2025,1,1),B65<DATE(2026,1,1),G65="Service B",OR(H65="Band 3",H65="Band 5"),ISNUMBER(F65)),F65,"") -> 1.080991
A66: User1019 | B66: 45717 | C66: 155.4 | D66: 150.65 | E66: 49.2 | F66: =IFERROR(IF(OR(C66="",D66="",C66=0),"",D66/C66),"") -> 0.96943372 | G66: =IFERROR(INDEX(Users!$A$2:$A$310,MATCH(A66,Users!$B$2:$B$310,0)),"") -> Service B | H66: =IFERROR(INDEX(Users!$D$2:$D$310,MATCH(A66,Users!$B$2:$B$310,0)),"") -> Band 3 | I66: =AND(G66="Service A",H66="Band 3") -> FALSE | J66: =IF(AND(B66>=DATE(2025,1,1),B66<DATE(2026,1,1),G66="Service B",OR(H66="Band 3",H66="Band 5"),ISNUMBER(F66)),F66,"") -> 0.96943372
A67: User1019 | B67: 45748 | C67: 148 | D67: 138.27333 | E67: 55.69 | F67: =IFERROR(IF(OR(C67="",D67="",C67=0),"",D67/C67),"") -> 0.93427928 | G67: =IFERROR(INDEX(Users!$A$2:$A$310,MATCH(A67,Users!$B$2:$B$310,0)),"") -> Service B | H67: =IFERROR(INDEX(Users!$D$2:$D$310,MATCH(A67,Users!$B$2:$B$310,0)),"") -> Band 3 | I67: =AND(G67="Service A",H67="Band 3") -> FALSE | J67: =IF(AND(B67>=DATE(2025,1,1),B67<DATE(2026,1,1),G67="Service B",OR(H67="Band 3",H67="Band 5"),ISNUMBER(F67)),F67,"") -> 0.93427928
A68: User1019 | B68: 45778 | C68: 148 | D68: 135.94 | E68: 63.44 | F68: =IFERROR(IF(OR(C68="",D68="",C68=0),"",D68/C68),"") -> 0.91851351 | G68: =IFERROR(INDEX(Users!$A$2:$A$310,MATCH(A68,Users!$B$2:$B$310,0)),"") -> Service B | H68: =IFERROR(INDEX(Users!$D$2:$D$310,MATCH(A68,Users!$B$2:$B$310,0)),"") -> Band 3 | I68: =AND(G68="Service A",H68="Band 3") -> FALSE | J68: =IF(AND(B68>=DATE(2025,1,1),B68<DATE(2026,1,1),G68="Service B",OR(H68="Band 3",H68="Band 5"),ISNUMBER(F68)),F68,"") -> 0.91851351
A69: User1019 | B69: 45809 | C69: 155.4 | D69: 136.32667 | E69: 87.26 | F69: =IFERROR(IF(OR(C69="",D69="",C69=0),"",D69/C69),"") -> 0.87726298 | G69: =IFERROR(INDEX(Users!$A$2:$A$310,MATCH(A69,Users!$B$2:$B$310,0)),"") -> Service B | H69: =IFERROR(INDEX(Users!$D$2:$D$310,MATCH(A69,Users!$B$2:$B$310,0)),"") -> Band 3 | I69: =AND(G69="Service A",H69="Band 3") -> FALSE | J69: =IF(AND(B69>=DATE(2025,1,1),B69<DATE(2026,1,1),G69="Service B",OR(H69="Band 3",H69="Band 5"),ISNUMBER(F69)),F69,"") -> 0.87726298
A70: User1019 | B70: 45839 | C70: 170.2 | D70: 116.97333 | E70: 60.59 | F70: =IFERROR(IF(OR(C70="",D70="",C70=0),"",D70/C70),"") -> 0.68726988 | G70: =IFERROR(INDEX(Users!$A$2:$A$310,MATCH(A70,Users!$B$2:$B$310,0)),"") -> Service B | H70: =IFERROR(INDEX(Users!$D$2:$D$310,MATCH(A70,Users!$B$2:$B$310,0)),"") -> Band 3 | I70: =AND(G70="Service A",H70="Band 3") -> FALSE | J70: =IF(AND(B70>=DATE(2025,1,1),B70<DATE(2026,1,1),G70="Service B",OR(H70="Band 3",H70="Band 5"),ISNUMBER(F70)),F70,"") -> 0.68726988
A71: User1019 | B71: 45870 | C71: 148 | D71: 108.17667 | E71: 61.76 | F71: =IFERROR(IF(OR(C71="",D71="",C71=0),"",D71/C71),"") -> 0.73092342 | G71: =IFERROR(INDEX(Users!$A$2:$A$310,MATCH(A71,Users!$B$2:$B$310,0)),"") -> Service B | H71: =IFERROR(INDEX(Users!$D$2:$D$310,MATCH(A71,Users!$B$2:$B$310,0)),"") -> Band 3 | I71: =AND(G71="Service A",H71="Band 3") -> FALSE | J71: =IF(AND(B71>=DATE(2025,1,1),B71<DATE(2026,1,1),G71="Service B",OR(H71="Band 3",H71="Band 5"),ISNUMBER(F71)),F71,"") -> 0.73092342
A72: User1019 | B72: 45901 | C72: 162.8 | D72: 148.77333 | E72: 92.19 | F72: =IFERROR(IF(OR(C72="",D72="",C72=0),"",D72/C72),"") -> 0.91384111 | G72: =IFERROR(INDEX(Users!$A$2:$A$310,MATCH(A72,Users!$B$2:$B$310,0)),"") -> Service B | H72: =IFERROR(INDEX(Users!$D$2:$D$310,MATCH(A72,Users!$B$2:$B$310,0)),"") -> Band 3 | I72: =AND(G72="Service A",H72="Band 3") -> FALSE | J72: =IF(AND(B72>=DATE(2025,1,1),B72<DATE(2026,1,1),G72="Service B",OR(H72="Band 3",H72="Band 5"),ISNUMBER(F72)),F72,"") -> 0.91384111
A73: User1019 | B73: 45931 | C73: 170.2 | D73: 133.83 | E73: 77.38 | F73: =IFERROR(IF(OR(C73="",D73="",C73=0),"",D73/C73),"") -> 0.78631022 | G73: =IFERROR(INDEX(Users!$A$2:$A$310,MATCH(A73,Users!$B$2:$B$310,0)),"") -> Service B | H73: =IFERROR(INDEX(Users!$D$2:$D$310,MATCH(A73,Users!$B$2:$B$310,0)),"") -> Band 3 | I73: =AND(G73="Service A",H73="Band 3") -> FALSE | J73: =IF(AND(B73>=DATE(2025,1,1),B73<DATE(2026,1,1),G73="Service B",OR(H73="Band 3",H73="Band 5"),ISNUMBER(F73)),F73,"") -> 0.78631022
A74: User1019 | B74: 45962 | C74: 148 | D74: 99.793333 | E74: 37.46 | F74: =IFERROR(IF(OR(C74="",D74="",C74=0),"",D74/C74),"") -> 0.67427928 | G74: =IFERROR(INDEX(Users!$A$2:$A$310,MATCH(A74,Users!$B$2:$B$310,0)),"") -> Service B | H74: =IFERROR(INDEX(Users!$D$2:$D$310,MATCH(A74,Users!$B$2:$B$310,0)),"") -> Band 3 | I74: =AND(G74="Service A",H74="Band 3") -> FALSE | J74: =IF(AND(B74>=DATE(2025,1,1),B74<DATE(2026,1,1),G74="Service B",OR(H74="Band 3",H74="Band 5"),ISNUMBER(F74)),F74,"") -> 0.67427928
A75: User1019 | B75: 45992 | C75: 155.4 | D75: 117.25667 | E75: 81.04 | F75: =IFERROR(IF(OR(C75="",D75="",C75=0),"",D75/C75),"") -> 0.7545474 | G75: =IFERROR(INDEX(Users!$A$2:$A$310,MATCH(A75,Users!$B$2:$B$310,0)),"") -> Service B | H75: =IFERROR(INDEX(Users!$D$2:$D$310,MATCH(A75,Users!$B$2:$B$310,0)),"") -> Band 3 | I75: =AND(G75="Service A",H75="Band 3") -> FALSE | J75: =IF(AND(B75>=DATE(2025,1,1),B75<DATE(2026,1,1),G75="Service B",OR(H75="Band 3",H75="Band 5"),ISNUMBER(F75)),F75,"") -> 0.7545474
A76: User1019 | B76: 46023 | C76: 155.4 | D76: 149.94 | E76: 122.19 | F76: =IFERROR(IF(OR(C76="",D76="",C76=0),"",D76/C76),"") -> 0.96486486 | G76: =IFERROR(INDEX(Users!$A$2:$A$310,MATCH(A76,Users!$B$2:$B$310,0)),"") -> Service B | H76: =IFERROR(INDEX(Users!$D$2:$D$310,MATCH(A76,Users!$B$2:$B$310,0)),"") -> Band 3 | I76: =AND(G76="Service A",H76="Band 3") -> FALSE | J76: =IF(AND(B76>=DATE(2025,1,1),B76<DATE(2026,1,1),G76="Service B",OR(H76="Band 3",H76="Band 5"),ISNUMBER(F76)),F76,"")
A77: User1020 | B77: 45901 | C77: 51.8 | F77: =IFERROR(IF(OR(C77="",D77="",C77=0),"",D77/C77),"") | G77: =IFERROR(INDEX(Users!$A$2:$A$310,MATCH(A77,Users!$B$2:$B$310,0)),"") -> Service B | H77: =IFERROR(INDEX(Users!$D$2:$D$310,MATCH(A77,Users!$B$2:$B$310,0)),"") -> Band 5 | I77: =AND(G77="Service A",H77="Band 3") -> FALSE | J77: =IF(AND(B77>=DATE(2025,1,1),B77<DATE(2026,1,1),G77="Service B",OR(H77="Band 3",H77="Band 5"),ISNUMBER(F77)),F77,"")
A78: User1020 | B78: 45931 | C78: 170.2 | D78: 194.52333 | E78: 6.44 | F78: =IFERROR(IF(OR(C78="",D78="",C78=0),"",D78/C78),"") -> 1.1429103 | G78: =IFERROR(INDEX(Users!$A$2:$A$310,MATCH(A78,Users!$B$2:$B$310,0)),"") -> Service B | H78: =IFERROR(INDEX(Users!$D$2:$D$310,MATCH(A78,Users!$B$2:$B$310,0)),"") -> Band 5 | I78: =AND(G78="Service A",H78="Band 3") -> FALSE | J78: =IF(AND(B78>=DATE(2025,1,1),B78<DATE(2026,1,1),G78="Service B",OR(H78="Band 3",H78="Band 5"),ISNUMBER(F78)),F78,"") -> 1.1429103
A79: User1020 | B79: 45962 | C79: 148 | D79: 154.73 | E79: 31.43 | F79: =IFERROR(IF(OR(C79="",D79="",C79=0),"",D79/C79),"") -> 1.045473 | G79: =IFERROR(INDEX(Users!$A$2:$A$310,MATCH(A79,Users!$B$2:$B$310,0)),"") -> Service B | H79: =IFERROR(INDEX(Users!$D$2:$D$310,MATCH(A79,Users!$B$2:$B$310,0)),"") -> Band 5 | I79: =AND(G79="Service A",H79="Band 3") -> FALSE | J79: =IF(AND(B79>=DATE(2025,1,1),B79<DATE(2026,1,1),G79="Service B",OR(H79="Band 3",H79="Band 5"),ISNUMBER(F79)),F79,"") -> 1.045473
A80: User1020 | B80: 45992 | C80: 155.4 | D80: 92.006667 | E80: 28.84 | F80: =IFERROR(IF(OR(C80="",D80="",C80=0),"",D80/C80),"") -> 0.59206349 | G80: =IFERROR(INDEX(Users!$A$2:$A$310,MATCH(A80,Users!$B$2:$B$310,0)),"") -> Service B | H80: =IFERROR(INDEX(Users!$D$2:$D$310,MATCH(A80,Users!$B$2:$B$310,0)),"") -> Band 5 | I80: =AND(G80="Service A",H80="Band 3") -> FALSE | J80: =IF(AND(B80>=DATE(2025,1,1),B80<DATE(2026,1,1),G80="Service B",OR(H80="Band 3",H80="Band 5"),ISNUMBER(F80)),F80,"") -> 0.59206349
A81: User1020 | B81: 46023 | C81: 155.4 | D81: 118.61333 | E81: 43.33 | F81: =IFERROR(IF(OR(C81="",D81="",C81=0),"",D81/C81),"") -> 0.76327756 | G81: =IFERROR(INDEX(Users!$A$2:$A$310,MATCH(A81,Users!$B$2:$B$310,0)),"") -> Service B | H81: =IFERROR(INDEX(Users!$D$2:$D$310,MATCH(A81,Users!$B$2:$B$310,0)),"") -> Band 5 | I81: =AND(G81="Service A",H81="Band 3") -> FALSE | J81: =IF(AND(B81>=DATE(2025,1,1),B81<DATE(2026,1,1),G81="Service B",OR(H81="Band 3",H81="Band 5"),ISNUMBER(F81)),F81,"")
A82: User1021 | B82: 45658 | C82: 162.8 | D82: 138 | E82: 99.75 | F82: =IFERROR(IF(OR(C82="",D82="",C82=0),"",D82/C82),"") -> 0.84766585 | G82: =IFERROR(INDEX(Users!$A$2:$A$310,MATCH(A82,Users!$B$2:$B$310,0)),"") -> Service A | H82: =IFERROR(INDEX(Users!$D$2:$D$310,MATCH(A82,Users!$B$2:$B$310,0)),"") -> Band 3 | I82: =AND(G82="Service A",H82="Band 3") -> TRUE | J82: =IF(AND(B82>=DATE(2025,1,1),B82<DATE(2026,1,1),G82="Service B",OR(H82="Band 3",H82="Band 5"),ISNUMBER(F82)),F82,"")
A83: User1021 | B83: 45689 | C83: 148 | D83: 90.7 | E83: 73.5 | F83: =IFERROR(IF(OR(C83="",D83="",C83=0),"",D83/C83),"") -> 0.61283784 | G83: =IFERROR(INDEX(Users!$A$2:$A$310,MATCH(A83,Users!$B$2:$B$310,0)),"") -> Service A | H83: =IFERROR(INDEX(Users!$D$2:$D$310,MATCH(A83,Users!$B$2:$B$310,0)),"") -> Band 3 | I83: =AND(G83="Service A",H83="Band 3") -> TRUE | J83: =IF(AND(B83>=DATE(2025,1,1),B83<DATE(2026,1,1),G83="Service B",OR(H83="Band 3",H83="Band 5"),ISNUMBER(F83)),F83,"")
A84: User1021 | B84: 45717 | C84: 155.4 | D84: 136.95 | E84: 66 | F84: =IFERROR(IF(OR(C84="",D84="",C84=0),"",D84/C84),"") -> 0.88127413 | G84: =IFERROR(INDEX(Users!$A$2:$A$310,MATCH(A84,Users!$B$2:$B$310,0)),"") -> Service A | H84: =IFERROR(INDEX(Users!$D$2:$D$310,MATCH(A84,Users!$B$2:$B$310,0)),"") -> Band 3 | I84: =AND(G84="Service A",H84="Band 3") -> TRUE | J84: =IF(AND(B84>=DATE(2025,1,1),B84<DATE(2026,1,1),G84="Service B",OR(H84="Band 3",H84="Band 5"),ISNUMBER(F84)),F84,"")
A85: User1021 | B85: 45748 | C85: 148 | D85: 81.396667 | E85: 40.33 | F85: =IFERROR(IF(OR(C85="",D85="",C85=0),"",D85/C85),"") -> 0.54997748 | G85: =IFERROR(INDEX(Users!$A$2:$A$310,MATCH(A85,Users!$B$2:$B$310,0)),"") -> Service A | H85: =IFERROR(INDEX(Users!$D$2:$D$310,MATCH(A85,Users!$B$2:$B$310,0)),"") -> Band 3 | I85: =AND(G85="Service A",H85="Band 3") -> TRUE | J85: =IF(AND(B85>=DATE(2025,1,1),B85<DATE(2026,1,1),G85="Service B",OR(H85="Band 3",H85="Band 5"),ISNUMBER(F85)),F85,"")
A86: User1021 | B86: 45778 | C86: 148 | D86: 113.76 | E86: 80.01 | F86: =IFERROR(IF(OR(C86="",D86="",C86=0),"",D86/C86),"") -> 0.76864865 | G86: =IFERROR(INDEX(Users!$A$2:$A$310,MATCH(A86,Users!$B$2:$B$310,0)),"") -> Service A | H86: =IFERROR(INDEX(Users!$D$2:$D$310,MATCH(A86,Users!$B$2:$B$310,0)),"") -> Band 3 | I86: =AND(G86="Service A",H86="Band 3") -> TRUE | J86: =IF(AND(B86>=DATE(2025,1,1),B86<DATE(2026,1,1),G86="Service B",OR(H86="Band 3",H86="Band 5"),ISNUMBER(F86)),F86,"")
A87: User1021 | B87: 45809 | C87: 155.4 | D87: 155.55333 | E87: 82.42 | F87: =IFERROR(IF(OR(C87="",D87="",C87=0),"",D87/C87),"") -> 1.0009867 | G87: =IFERROR(INDEX(Users!$A$2:$A$310,MATCH(A87,Users!$B$2:$B$310,0)),"") -> Service A | H87: =IFERROR(INDEX(Users!$D$2:$D$310,MATCH(A87,Users!$B$2:$B$310,0)),"") -> Band 3 | I87: =AND(G87="Service A",H87="Band 3") -> TRUE | J87: =IF(AND(B87>=DATE(2025,1,1),B87<DATE(2026,1,1),G87="Service B",OR(H87="Band 3",H87="Band 5"),ISNUMBER(F87)),F87,"")
A88: User1021 | B88: 45839 | C88: 170.2 | D88: 156.17 | E88: 113.22 | F88: =IFERROR(IF(OR(C88="",D88="",C88=0),"",D88/C88),"") -> 0.91756757 | G88: =IFERROR(INDEX(Users!$A$2:$A$310,MATCH(A88,Users!$B$2:$B$310,0)),"") -> Service A | H88: =IFERROR(INDEX(Users!$D$2:$D$310,MATCH(A88,Users!$B$2:$B$310,0)),"") -> Band 3 | I88: =AND(G88="Service A",H88="Band 3") -> TRUE | J88: =IF(AND(B88>=DATE(2025,1,1),B88<DATE(2026,1,1),G88="Service B",OR(H88="Band 3",H88="Band 5"),ISNUMBER(F88)),F88,"")
A89: User1021 | B89: 45870 | C89: 148 | D89: 112.81 | E89: 65.91 | F89: =IFERROR(IF(OR(C89="",D89="",C89=0),"",D89/C89),"") -> 0.76222973 | G89: =IFERROR(INDEX(Users!$A$2:$A$310,MATCH(A89,Users!$B$2:$B$310,0)),"") -> Service A | H89: =IFERROR(INDEX(Users!$D$2:$D$310,MATCH(A89,Users!$B$2:$B$310,0)),"") -> Band 3 | I89: =AND(G89="Service A",H89="Band 3") -> TRUE | J89: =IF(AND(B89>=DATE(2025,1,1),B89<DATE(2026,1,1),G89="Service B",OR(H89="Band 3",H89="Band 5"),ISNUMBER(F89)),F89,"")
... A120: User1023 | B120: 46023 | C120: 155.4 | D120: 121 | E120: 68 | F120: =IFERROR(IF(OR(C120="",D120="",C120=0),"",D120/C120),"") -> 0.77863578 | G120: =IFERROR(INDEX(Users!$A$2:$A$310,MATCH(A120,Users!$B$2:$B$310,0)),"") -> Service A | H120: =IFERROR(INDEX(Users!$D$2:$D$310,MATCH(A120,Users!$B$2:$B$310,0)),"") -> Band 3 | I120: =AND(G120="Service A",H120="Band 3") -> TRUE | J120: =IF(AND(B120>=DATE(2025,1,1),B120<DATE(2026,1,1),G120="Service B",OR(H120="Band 3",H120="Band 5"),ISNUMBER(F120)),F120,"")
A121: User1024 | B121: 45658 | C121: 157.25 | D121: 29.666667 | F121: =IFERROR(IF(OR(C121="",D121="",C121=0),"",D121/C121),"") -> 0.18865925 | G121: =IFERROR(INDEX(Users!$A$2:$A$310,MATCH(A121,Users!$B$2:$B$310,0)),"") -> Service D | H121: =IFERROR(INDEX(Users!$D$2:$D$310,MATCH(A121,Users!$B$2:$B$310,0)),"") -> Band 3 | I121: =AND(G121="Service A",H121="Band 3") -> FALSE | J121: =IF(AND(B121>=DATE(2025,1,1),B121<DATE(2026,1,1),G121="Service B",OR(H121="Band 3",H121="Band 5"),ISNUMBER(F121)),F121,"")
A122: User1024 | B122: 45689 | C122: 148 | F122: =IFERROR(IF(OR(C122="",D122="",C122=0),"",D122/C122),"") | G122: =IFERROR(INDEX(Users!$A$2:$A$310,MATCH(A122,Users!$B$2:$B$310,0)),"") -> Service D | H122: =IFERROR(INDEX(Users!$D$2:$D$310,MATCH(A122,Users!$B$2:$B$310,0)),"") -> Band 3 | I122: =AND(G122="Service A",H122="Band 3") -> FALSE | J122: =IF(AND(B122>=DATE(2025,1,1),B122<DATE(2026,1,1),G122="Service B",OR(H122="Band 3",H122="Band 5"),ISNUMBER(F122)),F122,"")
A123: User1024 | B123: 45717 | C123: 157.25 | F123: =IFERROR(IF(OR(C123="",D123="",C123=0),"",D123/C123),"") | G123: =IFERROR(INDEX(Users!$A$2:$A$310,MATCH(A123,Users!$B$2:$B$310,0)),"") -> Service D | H123: =IFERROR(INDEX(Users!$D$2:$D$310,MATCH(A123,Users!$B$2:$B$310,0)),"") -> Band 3 | I123: =AND(G123="Service A",H123="Band 3") -> FALSE | J123: =IF(AND(B123>=DATE(2025,1,1),B123<DATE(2026,1,1),G123="Service B",OR(H123="Band 3",H123="Band 5"),ISNUMBER(F123)),F123,"")
A124: User1024 | B124: 45748 | C124: 157.25 | F124: =IFERROR(IF(OR(C124="",D124="",C124=0),"",D124/C124),"") | G124: =IFERROR(INDEX(Users!$A$2:$A$310,MATCH(A124,Users!$B$2:$B$310,0)),"") -> Service D | H124: =IFERROR(INDEX(Users!$D$2:$D$310,MATCH(A124,Users!$B$2:$B$310,0)),"") -> Band 3 | I124: =AND(G124="Service A",H124="Band 3") -> FALSE | J124: =IF(AND(B124>=DATE(2025,1,1),B124<DATE(2026,1,1),G124="Service B",OR(H124="Band 3",H124="Band 5"),ISNUMBER(F124)),F124,"")
A125: User1025 | B125: 45658 | C125: 162.8 | D125: 156.96667 | E125: 110.9 | F125: =IFERROR(IF(OR(C125="",D125="",C125=0),"",D125/C125),"") -> 0.96416871 | G125: =IFERROR(INDEX(Users!$A$2:$A$310,MATCH(A125,Users!$B$2:$B$310,0)),"") -> Service A | H125: =IFERROR(INDEX(Users!$D$2:$D$310,MATCH(A125,Users!$B$2:$B$310,0)),"") -> Band 3 | I125: =AND(G125="Service A",H125="Band 3") -> TRUE | J125: =IF(AND(B125>=DATE(2025,1,1),B125<DATE(2026,1,1),G125="Service B",OR(H125="Band 3",H125="Band 5"),ISNUMBER(F125)),F125,"")
A126: User1025 | B126: 45689 | C126: 148 | D126: 131.19 | E126: 102.69 | F126: =IFERROR(IF(OR(C126="",D126="",C126=0),"",D126/C126),"") -> 0.88641892 | G126: =IFERROR(INDEX(Users!$A$2:$A$310,MATCH(A126,Users!$B$2:$B$310,0)),"") -> Service A | H126: =IFERROR(INDEX(Users!$D$2:$D$310,MATCH(A126,Users!$B$2:$B$310,0)),"") -> Band 3 | I126: =AND(G126="Service A",H126="Band 3") -> TRUE | J126: =IF(AND(B126>=DATE(2025,1,1),B126<DATE(2026,1,1),G126="Service B",OR(H126="Band 3",H126="Band 5"),ISNUMBER(F126)),F126,"")
A127: User1025 | B127: 45717 | C127: 155.4 | D127: 123.58 | E127: 70.73 | F127: =IFERROR(IF(OR(C127="",D127="",C127=0),"",D127/C127),"") -> 0.7952381 | G127: =IFERROR(INDEX(Users!$A$2:$A$310,MATCH(A127,Users!$B$2:$B$310,0)),"") -> Service A | H127: =IFERROR(INDEX(Users!$D$2:$D$310,MATCH(A127,Users!$B$2:$B$310,0)),"") -> Band 3 | I127: =AND(G127="Service A",H127="Band 3") -> TRUE | J127: =IF(AND(B127>=DATE(2025,1,1),B127<DATE(2026,1,1),G127="Service B",OR(H127="Band 3",H127="Band 5"),ISNUMBER(F127)),F127,"")
A128: User1025 | B128: 45748 | C128: 148 | D128: 116.40667 | E128: 73.24 | F128: =IFERROR(IF(OR(C128="",D128="",C128=0),"",D128/C128),"") -> 0.78653153 | G128: =IFERROR(INDEX(Users!$A$2:$A$310,MATCH(A128,Users!$B$2:$B$310,0)),"") -> Service A | H128: =IFERROR(INDEX(Users!$D$2:$D$310,MATCH(A128,Users!$B$2:$B$310,0)),"") -> Band 3 | I128: =AND(G128="Service A",H128="Band 3") -> TRUE | J128: =IF(AND(B128>=DATE(2025,1,1),B128<DATE(2026,1,1),G128="Service B",OR(H128="Band 3",H128="Band 5"),ISNUMBER(F128)),F128,"")
A129: User1025 | B129: 45778 | C129: 148 | D129: 134.83 | E129: 90.33 | F129: =IFERROR(IF(OR(C129="",D129="",C129=0),"",D129/C129),"") -> 0.91101351 | G129: =IFERROR(INDEX(Users!$A$2:$A$310,MATCH(A129,Users!$B$2:$B$310,0)),"") -> Service A | H129: =IFERROR(INDEX(Users!$D$2:$D$310,MATCH(A129,Users!$B$2:$B$310,0)),"") -> Band 3 | I129: =AND(G129="Service A",H129="Band 3") -> TRUE | J129: =IF(AND(B129>=DATE(2025,1,1),B129<DATE(2026,1,1),G129="Service B",OR(H129="Band 3",H129="Band 5"),ISNUMBER(F129)),F129,"")
A130: User1025 | B130: 45809 | C130: 155.4 | D130: 113.84 | E130: 73.59 | F130: =IFERROR(IF(OR(C130="",D130="",C130=0),"",D130/C130),"") -> 0.73256113 | G130: =IFERROR(INDEX(Users!$A$2:$A$310,MATCH(A130,Users!$B$2:$B$310,0)),"") -> Service A | H130: =IFERROR(INDEX(Users!$D$2:$D$310,MATCH(A130,Users!$B$2:$B$310,0)),"") -> Band 3 | I130: =AND(G130="Service A",H130="Band 3") -> TRUE | J130: =IF(AND(B130>=DATE(2025,1,1),B130<DATE(2026,1,1),G130="Service B",OR(H130="Band 3",H130="Band 5"),ISNUMBER(F130)),F130,"")
A131: User1025 | B131: 45839 | C131: 170.2 | D131: 143.5 | E131: 104 | F131: =IFERROR(IF(OR(C131="",D131="",C131=0),"",D131/C131),"") -> 0.84312573 | G131: =IFERROR(INDEX(Users!$A$2:$A$310,MATCH(A131,Users!$B$2:$B$310,0)),"") -> Service A | H131: =IFERROR(INDEX(Users!$D$2:$D$310,MATCH(A131,Users!$B$2:$B$310,0)),"") -> Band 3 | I131: =AND(G131="Service A",H131="Band 3") -> TRUE | J131: =IF(AND(B131>=DATE(2025,1,1),B131<DATE(2026,1,1),G131="Service B",OR(H131="Band 3",H131="Band 5"),ISNUMBER(F131)),F131,"")
A132: User1025 | B132: 45870 | C132: 148 | D132: 67.93 | E132: 42.68 | F132: =IFERROR(IF(OR(C132="",D132="",C132=0),"",D132/C132),"") -> 0.45898649 | G132: =IFERROR(INDEX(Users!$A$2:$A$310,MATCH(A132,Users!$B$2:$B$310,0)),"") -> Service A | H132: =IFERROR(INDEX(Users!$D$2:$D$310,MATCH(A132,Users!$B$2:$B$310,0)),"") -> Band 3 | I132: =AND(G132="Service A",H132="Band 3") -> TRUE | J132: =IF(AND(B132>=DATE(2025,1,1),B132<DATE(2026,1,1),G132="Service B",OR(H132="Band 3",H132="Band 5"),ISNUMBER(F132)),F132,"")
...

Sheet Summary
A1: Data Analyst Practical Test – Solution Summary
A3: Service filter | B3: Service B | D3: How to use | E3: Change the yellow dropdowns to filter the 2025 monthly view.
A4: Band filter | B4: Band 3 | D4: Comparison | E4: Chart compares the selected combination with Service, Band and Overall averages.
A7: Question 4 – 2025 Service B, Band 3 & Band 5
A8: Metric | B8: Result | C8: QA check
A9: Average Availability % | B9: =IFERROR(AVERAGE('Performance Data'!$J$2:$J$2540),"") -> 0.78907875 | C9: 0.78907875
A10: Median Availability % | B10: =IFERROR(MEDIAN('Performance Data'!$J$2:$J$2540),"") -> 0.85051312 | C10: 0.85051312
A12: Question 5 – Dynamic 2025 Monthly Availability View
A13: Month | B13: Selected Service + Band | C13: Selected Service (all Bands) | D13: Selected Band (all Services) | E13: Overall
A14: 45658 | B14: =IFERROR(IF(AND($B$3="All",$B$4="All"),SUMIFS('Performance Data'!$F$2:$F$2540,'Performance Data'!$B$2:$B$2540,A14)/COUNTIFS('Performance Data'!$B$2:$B$2540,A14,'Performance Data'!$F$2:$F$2540,">=0"),IF($B$3="All",SUMIFS('Performance Data'!$F$2:$F$2540,'Performance Data'!$B$2:$B$2540,A14,'Performance Data'!$H$2:$H$2540,$B$4)/COUNTIFS('Performance Data'!$B$2:$B$2540,A14,'Performance Data'!$H$2:$H$2540,$B$4,'Performance Data'!$F$2:$F$2540,">=0"),IF($B$4="All",SUMIFS('Performance Data'!$F$2:$F$2540,'Performance Data'!$B$2:$B$2540,A14,'Performance Data'!$G$2:$G$2540,$B$3)/COUNTIFS('Performance Data'!$B$2:$B$2540,A14,'Performance Data'!$G$2:$G$2540,$B$3,'Performance Data'!$F$2:$F$2540,">=0"),SUMIFS('Performance Data'!$F$2:$F$2540,'Performance Data'!$B$2:$B$2540,A14,'Performance Data'!$G$2:$G$2540,$B$3,'Performance Data'!$H$2:$H$2540,$B$4)/COUNTIFS('Performance Data'!$B$2:$B$2540,A14,'Performance Data'!$G$2:$G$2540,$B$3,'Performance Data'!$H$2:$H$2540,$B$4,'Performance Data'!$F$2:$F$2540,">=0")))),"") -> 0.75928772 | C14: =IFERROR(IF($B$3="All",SUMIFS('Performance Data'!$F$2:$F$2540,'Performance Data'!$B$2:$B$2540,A14)/COUNTIFS('Performance Data'!$B$2:$B$2540,A14,'Performance Data'!$F$2:$F$2540,">=0"),SUMIFS('Performance Data'!$F$2:$F$2540,'Performance Data'!$B$2:$B$2540,A14,'Performance Data'!$G$2:$G$2540,$B$3)/COUNTIFS('Performance Data'!$B$2:$B$2540,A14,'Performance Data'!$G$2:$G$2540,$B$3,'Performance Data'!$F$2:$F$2540,">=0")),"") -> 0.77309566 | D14: =IFERROR(IF($B$4="All",SUMIFS('Performance Data'!$F$2:$F$2540,'Performance Data'!$B$2:$B$2540,A14)/COUNTIFS('Performance Data'!$B$2:$B$2540,A14,'Performance Data'!$F$2:$F$2540,">=0"),SUMIFS('Performance Data'!$F$2:$F$2540,'Performance Data'!$B$2:$B$2540,A14,'Performance Data'!$H$2:$H$2540,$B$4)/COUNTIFS('Performance Data'!$B$2:$B$2540,A14,'Performance Data'!$H$2:$H$2540,$B$4,'Performance Data'!$F$2:$F$2540,">=0")),"") -> 0.81852116 | E14: =IFERROR(SUMIFS('Performance Data'!$F$2:$F$2540,'Performance Data'!$B$2:$B$2540,A14)/COUNTIFS('Performance Data'!$B$2:$B$2540,A14,'Performance Data'!$F$2:$F$2540,">=0"),"") -> 0.82911243
A15: 45689 | B15: =IFERROR(IF(AND($B$3="All",$B$4="All"),SUMIFS('Performance Data'!$F$2:$F$2540,'Performance Data'!$B$2:$B$2540,A15)/COUNTIFS('Performance Data'!$B$2:$B$2540,A15,'Performance Data'!$F$2:$F$2540,">=0"),IF($B$3="All",SUMIFS('Performance Data'!$F$2:$F$2540,'Performance Data'!$B$2:$B$2540,A15,'Performance Data'!$H$2:$H$2540,$B$4)/COUNTIFS('Performance Data'!$B$2:$B$2540,A15,'Performance Data'!$H$2:$H$2540,$B$4,'Performance Data'!$F$2:$F$2540,">=0"),IF($B$4="All",SUMIFS('Performance Data'!$F$2:$F$2540,'Performance Data'!$B$2:$B$2540,A15,'Performance Data'!$G$2:$G$2540,$B$3)/COUNTIFS('Performance Data'!$B$2:$B$2540,A15,'Performance Data'!$G$2:$G$2540,$B$3,'Performance Data'!$F$2:$F$2540,">=0"),SUMIFS('Performance Data'!$F$2:$F$2540,'Performance Data'!$B$2:$B$2540,A15,'Performance Data'!$G$2:$G$2540,$B$3,'Performance Data'!$H$2:$H$2540,$B$4)/COUNTIFS('Performance Data'!$B$2:$B$2540,A15,'Performance Data'!$G$2:$G$2540,$B$3,'Performance Data'!$H$2:$H$2540,$B$4,'Performance Data'!$F$2:$F$2540,">=0")))),"") -> 0.84255615 | C15: =IFERROR(IF($B$3="All",SUMIFS('Performance Data'!$F$2:$F$2540,'Performance Data'!$B$2:$B$2540,A15)/COUNTIFS('Performance Data'!$B$2:$B$2540,A15,'Performance Data'!$F$2:$F$2540,">=0"),SUMIFS('Performance Data'!$F$2:$F$2540,'Performance Data'!$B$2:$B$2540,A15,'Performance Data'!$G$2:$G$2540,$B$3)/COUNTIFS('Performance Data'!$B$2:$B$2540,A15,'Performance Data'!$G$2:$G$2540,$B$3,'Performance Data'!$F$2:$F$2540,">=0")),"") -> 0.84701193 | D15: =IFERROR(IF($B$4="All",SUMIFS('Performance Data'!$F$2:$F$2540,'Performance Data'!$B$2:$B$2540,A15)/COUNTIFS('Performance Data'!$B$2:$B$2540,A15,'Performance Data'!$F$2:$F$2540,">=0"),SUMIFS('Performance Data'!$F$2:$F$2540,'Performance Data'!$B$2:$B$2540,A15,'Performance Data'!$H$2:$H$2540,$B$4)/COUNTIFS('Performance Data'!$B$2:$B$2540,A15,'Performance Data'!$H$2:$H$2540,$B$4,'Performance Data'!$F$2:$F$2540,">=0")),"") -> 0.84907992 | E15: =IFERROR(SUMIFS('Performance Data'!$F$2:$F$2540,'Performance Data'!$B$2:$B$2540,A15)/COUNTIFS('Performance Data'!$B$2:$B$2540,A15,'Performance Data'!$F$2:$F$2540,">=0"),"") -> 0.86268725
A16: 45717 | B16: =IFERROR(IF(AND($B$3="All",$B$4="All"),SUMIFS('Performance Data'!$F$2:$F$2540,'Performance Data'!$B$2:$B$2540,A16)/COUNTIFS('Performance Data'!$B$2:$B$2540,A16,'Performance Data'!$F$2:$F$2540,">=0"),IF($B$3="All",SUMIFS('Performance Data'!$F$2:$F$2540,'Performance Data'!$B$2:$B$2540,A16,'Performance Data'!$H$2:$H$2540,$B$4)/COUNTIFS('Performance Data'!$B$2:$B$2540,A16,'Performance Data'!$H$2:$H$2540,$B$4,'Performance Data'!$F$2:$F$2540,">=0"),IF($B$4="All",SUMIFS('Performance Data'!$F$2:$F$2540,'Performance Data'!$B$2:$B$2540,A16,'Performance Data'!$G$2:$G$2540,$B$3)/COUNTIFS('Performance Data'!$B$2:$B$2540,A16,'Performance Data'!$G$2:$G$2540,$B$3,'Performance Data'!$F$2:$F$2540,">=0"),SUMIFS('Performance Data'!$F$2:$F$2540,'Performance Data'!$B$2:$B$2540,A16,'Performance Data'!$G$2:$G$2540,$B$3,'Performance Data'!$H$2:$H$2540,$B$4)/COUNTIFS('Performance Data'!$B$2:$B$2540,A16,'Performance Data'!$G$2:$G$2540,$B$3,'Performance Data'!$H$2:$H$2540,$B$4,'Performance Data'!$F$2:$F$2540,">=0")))),"") -> 0.82654335 | C16: =IFERROR(IF($B$3="All",SUMIFS('Performance Data'!$F$2:$F$2540,'Performance Data'!$B$2:$B$2540,A16)/COUNTIFS('Performance Data'!$B$2:$B$2540,A16,'Performance Data'!$F$2:$F$2540,">=0"),SUMIFS('Performance Data'!$F$2:$F$2540,'Performance Data'!$B$2:$B$2540,A16,'Performance Data'!$G$2:$G$2540,$B$3)/COUNTIFS('Performance Data'!$B$2:$B$2540,A16,'Performance Data'!$G$2:$G$2540,$B$3,'Performance Data'!$F$2:$F$2540,">=0")),"") -> 0.83431386 | D16: =IFERROR(IF($B$4="All",SUMIFS('Performance Data'!$F$2:$F$2540,'Performance Data'!$B$2:$B$2540,A16)/COUNTIFS('Performance Data'!$B$2:$B$2540,A16,'Performance Data'!$F$2:$F$2540,">=0"),SUMIFS('Performance Data'!$F$2:$F$2540,'Performance Data'!$B$2:$B$2540,A16,'Performance Data'!$H$2:$H$2540,$B$4)/COUNTIFS('Performance Data'!$B$2:$B$2540,A16,'Performance Data'!$H$2:$H$2540,$B$4,'Performance Data'!$F$2:$F$2540,">=0")),"") -> 0.8624526 | E16: =IFERROR(SUMIFS('Performance Data'!$F$2:$F$2540,'Performance Data'!$B$2:$B$2540,A16)/COUNTIFS('Performance Data'!$B$2:$B$2540,A16,'Performance Data'!$F$2:$F$2540,">=0"),"") -> 0.87112123
A17: 45748 | B17: =IFERROR(IF(AND($B$3="All",$B$4="All"),SUMIFS('Performance Data'!$F$2:$F$2540,'Performance Data'!$B$2:$B$2540,A17)/COUNTIFS('Performance Data'!$B$2:$B$2540,A17,'Performance Data'!$F$2:$F$2540,">=0"),IF($B$3="All",SUMIFS('Performance Data'!$F$2:$F$2540,'Performance Data'!$B$2:$B$2540,A17,'Performance Data'!$H$2:$H$2540,$B$4)/COUNTIFS('Performance Data'!$B$2:$B$2540,A17,'Performance Data'!$H$2:$H$2540,$B$4,'Performance Data'!$F$2:$F$2540,">=0"),IF($B$4="All",SUMIFS('Performance Data'!$F$2:$F$2540,'Performance Data'!$B$2:$B$2540,A17,'Performance Data'!$G$2:$G$2540,$B$3)/COUNTIFS('Performance Data'!$B$2:$B$2540,A17,'Performance Data'!$G$2:$G$2540,$B$3,'Performance Data'!$F$2:$F$2540,">=0"),SUMIFS('Performance Data'!$F$2:$F$2540,'Performance Data'!$B$2:$B$2540,A17,'Performance Data'!$G$2:$G$2540,$B$3,'Performance Data'!$H$2:$H$2540,$B$4)/COUNTIFS('Performance Data'!$B$2:$B$2540,A17,'Performance Data'!$G$2:$G$2540,$B$3,'Performance Data'!$H$2:$H$2540,$B$4,'Performance Data'!$F$2:$F$2540,">=0")))),"") -> 0.7680935 | C17: =IFERROR(IF($B$3="All",SUMIFS('Performance Data'!$F$2:$F$2540,'Performance Data'!$B$2:$B$2540,A17)/COUNTIFS('Performance Data'!$B$2:$B$2540,A17,'Performance Data'!$F$2:$F$2540,">=0"),SUMIFS('Performance Data'!$F$2:$F$2540,'Performance Data'!$B$2:$B$2540,A17,'Performance Data'!$G$2:$G$2540,$B$3)/COUNTIFS('Performance Data'!$B$2:$B$2540,A17,'Performance Data'!$G$2:$G$2540,$B$3,'Performance Data'!$F$2:$F$2540,">=0")),"") -> 0.77075159 | D17: =IFERROR(IF($B$4="All",SUMIFS('Performance Data'!$F$2:$F$2540,'Performance Data'!$B$2:$B$2540,A17)/COUNTIFS('Performance Data'!$B$2:$B$2540,A17,'Performance Data'!$F$2:$F$2540,">=0"),SUMIFS('Performance Data'!$F$2:$F$2540,'Performance Data'!$B$2:$B$2540,A17,'Performance Data'!$H$2:$H$2540,$B$4)/COUNTIFS('Performance Data'!$B$2:$B$2540,A17,'Performance Data'!$H$2:$H$2540,$B$4,'Performance Data'!$F$2:$F$2540,">=0")),"") -> 0.78487536 | E17: =IFERROR(SUMIFS('Performance Data'!$F$2:$F$2540,'Performance Data'!$B$2:$B$2540,A17)/COUNTIFS('Performance Data'!$B$2:$B$2540,A17,'Performance Data'!$F$2:$F$2540,">=0"),"") -> 0.79714363
A18: 45778 | B18: =IFERROR(IF(AND($B$3="All",$B$4="All"),SUMIFS('Performance Data'!$F$2:$F$2540,'Performance Data'!$B$2:$B$2540,A18)/COUNTIFS('Performance Data'!$B$2:$B$2540,A18,'Performance Data'!$F$2:$F$2540,">=0"),IF($B$3="All",SUMIFS('Performance Data'!$F$2:$F$2540,'Performance Data'!$B$2:$B$2540,A18,'Performance Data'!$H$2:$H$2540,$B$4)/COUNTIFS('Performance Data'!$B$2:$B$2540,A18,'Performance Data'!$H$2:$H$2540,$B$4,'Performance Data'!$F$2:$F$2540,">=0"),IF($B$4="All",SUMIFS('Performance Data'!$F$2:$F$2540,'Performance Data'!$B$2:$B$2540,A18,'Performance Data'!$G$2:$G$2540,$B$3)/COUNTIFS('Performance Data'!$B$2:$B$2540,A18,'Performance Data'!$G$2:$G$2540,$B$3,'Performance Data'!$F$2:$F$2540,">=0"),SUMIFS('Performance Data'!$F$2:$F$2540,'Performance Data'!$B$2:$B$2540,A18,'Performance Data'!$G$2:$G$2540,$B$3,'Performance Data'!$H$2:$H$2540,$B$4)/COUNTIFS('Performance Data'!$B$2:$B$2540,A18,'Performance Data'!$G$2:$G$2540,$B$3,'Performance Data'!$H$2:$H$2540,$B$4,'Performance Data'!$F$2:$F$2540,">=0")))),"") -> 0.79266896 | C18: =IFERROR(IF($B$3="All",SUMIFS('Performance Data'!$F$2:$F$2540,'Performance Data'!$B$2:$B$2540,A18)/COUNTIFS('Performance Data'!$B$2:$B$2540,A18,'Performance Data'!$F$2:$F$2540,">=0"),SUMIFS('Performance Data'!$F$2:$F$2540,'Performance Data'!$B$2:$B$2540,A18,'Performance Data'!$G$2:$G$2540,$B$3)/COUNTIFS('Performance Data'!$B$2:$B$2540,A18,'Performance Data'!$G$2:$G$2540,$B$3,'Performance Data'!$F$2:$F$2540,">=0")),"") -> 0.79120837 | D18: =IFERROR(IF($B$4="All",SUMIFS('Performance Data'!$F$2:$F$2540,'Performance Data'!$B$2:$B$2540,A18)/COUNTIFS('Performance Data'!$B$2:$B$2540,A18,'Performance Data'!$F$2:$F$2540,">=0"),SUMIFS('Performance Data'!$F$2:$F$2540,'Performance Data'!$B$2:$B$2540,A18,'Performance Data'!$H$2:$H$2540,$B$4)/COUNTIFS('Performance Data'!$B$2:$B$2540,A18,'Performance Data'!$H$2:$H$2540,$B$4,'Performance Data'!$F$2:$F$2540,">=0")),"") -> 0.79929211 | E18: =IFERROR(SUMIFS('Performance Data'!$F$2:$F$2540,'Performance Data'!$B$2:$B$2540,A18)/COUNTIFS('Performance Data'!$B$2:$B$2540,A18,'Performance Data'!$F$2:$F$2540,">=0"),"") -> 0.8032897
A19: 45809 | B19: =IFERROR(IF(AND($B$3="All",$B$4="All"),SUMIFS('Performance Data'!$F$2:$F$2540,'Performance Data'!$B$2:$B$2540,A19)/COUNTIFS('Performance Data'!$B$2:$B$2540,A19,'Performance Data'!$F$2:$F$2540,">=0"),IF($B$3="All",SUMIFS('Performance Data'!$F$2:$F$2540,'Performance Data'!$B$2:$B$2540,A19,'Performance Data'!$H$2:$H$2540,$B$4)/COUNTIFS('Performance Data'!$B$2:$B$2540,A19,'Performance Data'!$H$2:$H$2540,$B$4,'Performance Data'!$F$2:$F$2540,">=0"),IF($B$4="All",SUMIFS('Performance Data'!$F$2:$F$2540,'Performance Data'!$B$2:$B$2540,A19,'Performance Data'!$G$2:$G$2540,$B$3)/COUNTIFS('Performance Data'!$B$2:$B$2540,A19,'Performance Data'!$G$2:$G$2540,$B$3,'Performance Data'!$F$2:$F$2540,">=0"),SUMIFS('Performance Data'!$F$2:$F$2540,'Performance Data'!$B$2:$B$2540,A19,'Performance Data'!$G$2:$G$2540,$B$3,'Performance Data'!$H$2:$H$2540,$B$4)/COUNTIFS('Performance Data'!$B$2:$B$2540,A19,'Performance Data'!$G$2:$G$2540,$B$3,'Performance Data'!$H$2:$H$2540,$B$4,'Performance Data'!$F$2:$F$2540,">=0")))),"") -> 0.80812651 | C19: =IFERROR(IF($B$3="All",SUMIFS('Performance Data'!$F$2:$F$2540,'Performance Data'!$B$2:$B$2540,A19)/COUNTIFS('Performance Data'!$B$2:$B$2540,A19,'Performance Data'!$F$2:$F$2540,">=0"),SUMIFS('Performance Data'!$F$2:$F$2540,'Performance Data'!$B$2:$B$2540,A19,'Performance Data'!$G$2:$G$2540,$B$3)/COUNTIFS('Performance Data'!$B$2:$B$2540,A19,'Performance Data'!$G$2:$G$2540,$B$3,'Performance Data'!$F$2:$F$2540,">=0")),"") -> 0.81422627 | D19: =IFERROR(IF($B$4="All",SUMIFS('Performance Data'!$F$2:$F$2540,'Performance Data'!$B$2:$B$2540,A19)/COUNTIFS('Performance Data'!$B$2:$B$2540,A19,'Performance Data'!$F$2:$F$2540,">=0"),SUMIFS('Performance Data'!$F$2:$F$2540,'Performance Data'!$B$2:$B$2540,A19,'Performance Data'!$H$2:$H$2540,$B$4)/COUNTIFS('Performance Data'!$B$2:$B$2540,A19,'Performance Data'!$H$2:$H$2540,$B$4,'Performance Data'!$F$2:$F$2540,">=0")),"") -> 0.82929173 | E19: =IFERROR(SUMIFS('Performance Data'!$F$2:$F$2540,'Performance Data'!$B$2:$B$2540,A19)/COUNTIFS('Performance Data'!$B$2:$B$2540,A19,'Performance Data'!$F$2:$F$2540,">=0"),"") -> 0.83772507
A20: 45839 | B20: =IFERROR(IF(AND($B$3="All",$B$4="All"),SUMIFS('Performance Data'!$F$2:$F$2540,'Performance Data'!$B$2:$B$2540,A20)/COUNTIFS('Performance Data'!$B$2:$B$2540,A20,'Performance Data'!$F$2:$F$2540,">=0"),IF($B$3="All",SUMIFS('Performance Data'!$F$2:$F$2540,'Performance Data'!$B$2:$B$2540,A20,'Performance Data'!$H$2:$H$2540,$B$4)/COUNTIFS('Performance Data'!$B$2:$B$2540,A20,'Performance Data'!$H$2:$H$2540,$B$4,'Performance Data'!$F$2:$F$2540,">=0"),IF($B$4="All",SUMIFS('Performance Data'!$F$2:$F$2540,'Performance Data'!$B$2:$B$2540,A20,'Performance Data'!$G$2:$G$2540,$B$3)/COUNTIFS('Performance Data'!$B$2:$B$2540,A20,'Performance Data'!$G$2:$G$2540,$B$3,'Performance Data'!$F$2:$F$2540,">=0"),SUMIFS('Performance Data'!$F$2:$F$2540,'Performance Data'!$B$2:$B$2540,A20,'Performance Data'!$G$2:$G$2540,$B$3,'Performance Data'!$H$2:$H$2540,$B$4)/COUNTIFS('Performance Data'!$B$2:$B$2540,A20,'Performance Data'!$G$2:$G$2540,$B$3,'Performance Data'!$H$2:$H$2540,$B$4,'Performance Data'!$F$2:$F$2540,">=0")))),"") -> 0.82427948 | C20: =IFERROR(IF($B$3="All",SUMIFS('Performance Data'!$F$2:$F$2540,'Performance Data'!$B$2:$B$2540,A20)/COUNTIFS('Performance Data'!$B$2:$B$2540,A20,'Performance Data'!$F$2:$F$2540,">=0"),SUMIFS('Performance Data'!$F$2:$F$2540,'Performance Data'!$B$2:$B$2540,A20,'Performance Data'!$G$2:$G$2540,$B$3)/COUNTIFS('Performance Data'!$B$2:$B$2540,A20,'Performance Data'!$G$2:$G$2540,$B$3,'Performance Data'!$F$2:$F$2540,">=0")),"") -> 0.83296931 | D20: =IFERROR(IF($B$4="All",SUMIFS('Performance Data'!$F$2:$F$2540,'Performance Data'!$B$2:$B$2540,A20)/COUNTIFS('Performance Data'!$B$2:$B$2540,A20,'Performance Data'!$F$2:$F$2540,">=0"),SUMIFS('Performance Data'!$F$2:$F$2540,'Performance Data'!$B$2:$B$2540,A20,'Performance Data'!$H$2:$H$2540,$B$4)/COUNTIFS('Performance Data'!$B$2:$B$2540,A20,'Performance Data'!$H$2:$H$2540,$B$4,'Performance Data'!$F$2:$F$2540,">=0")),"") -> 0.82270958 | E20: =IFERROR(SUMIFS('Performance Data'!$F$2:$F$2540,'Performance Data'!$B$2:$B$2540,A20)/COUNTIFS('Performance Data'!$B$2:$B$2540,A20,'Performance Data'!$F$2:$F$2540,">=0"),"") -> 0.83208415
A21: 45870 | B21: =IFERROR(IF(AND($B$3="All",$B$4="All"),SUMIFS('Performance Data'!$F$2:$F$2540,'Performance Data'!$B$2:$B$2540,A21)/COUNTIFS('Performance Data'!$B$2:$B$2540,A21,'Performance Data'!$F$2:$F$2540,">=0"),IF($B$3="All",SUMIFS('Performance Data'!$F$2:$F$2540,'Performance Data'!$B$2:$B$2540,A21,'Performance Data'!$H$2:$H$2540,$B$4)/COUNTIFS('Performance Data'!$B$2:$B$2540,A21,'Performance Data'!$H$2:$H$2540,$B$4,'Performance Data'!$F$2:$F$2540,">=0"),IF($B$4="All",SUMIFS('Performance Data'!$F$2:$F$2540,'Performance Data'!$B$2:$B$2540,A21,'Performance Data'!$G$2:$G$2540,$B$3)/COUNTIFS('Performance Data'!$B$2:$B$2540,A21,'Performance Data'!$G$2:$G$2540,$B$3,'Performance Data'!$F$2:$F$2540,">=0"),SUMIFS('Performance Data'!$F$2:$F$2540,'Performance Data'!$B$2:$B$2540,A21,'Performance Data'!$G$2:$G$2540,$B$3,'Performance Data'!$H$2:$H$2540,$B$4)/COUNTIFS('Performance Data'!$B$2:$B$2540,A21,'Performance Data'!$G$2:$G$2540,$B$3,'Performance Data'!$H$2:$H$2540,$B$4,'Performance Data'!$F$2:$F$2540,">=0")))),"") -> 0.68192507 | C21: =IFERROR(IF($B$3="All",SUMIFS('Performance Data'!$F$2:$F$2540,'Performance Data'!$B$2:$B$2540,A21)/COUNTIFS('Performance Data'!$B$2:$B$2540,A21,'Performance Data'!$F$2:$F$2540,">=0"),SUMIFS('Performance Data'!$F$2:$F$2540,'Performance Data'!$B$2:$B$2540,A21,'Performance Data'!$G$2:$G$2540,$B$3)/COUNTIFS('Performance Data'!$B$2:$B$2540,A21,'Performance Data'!$G$2:$G$2540,$B$3,'Performance Data'!$F$2:$F$2540,">=0")),"") -> 0.69405744 | D21: =IFERROR(IF($B$4="All",SUMIFS('Performance Data'!$F$2:$F$2540,'Performance Data'!$B$2:$B$2540,A21)/COUNTIFS('Performance Data'!$B$2:$B$2540,A21,'Performance Data'!$F$2:$F$2540,">=0"),SUMIFS('Performance Data'!$F$2:$F$2540,'Performance Data'!$B$2:$B$2540,A21,'Performance Data'!$H$2:$H$2540,$B$4)/COUNTIFS('Performance Data'!$B$2:$B$2540,A21,'Performance Data'!$H$2:$H$2540,$B$4,'Performance Data'!$F$2:$F$2540,">=0")),"") -> 0.73998421 | E21: =IFERROR(SUMIFS('Performance Data'!$F$2:$F$2540,'Performance Data'!$B$2:$B$2540,A21)/COUNTIFS('Performance Data'!$B$2:$B$2540,A21,'Performance Data'!$F$2:$F$2540,">=0"),"") -> 0.74722374
A22: 45901 | B22: =IFERROR(IF(AND($B$3="All",$B$4="All"),SUMIFS('Performance Data'!$F$2:$F$2540,'Performance Data'!$B$2:$B$2540,A22)/COUNTIFS('Performance Data'!$B$2:$B$2540,A22,'Performance Data'!$F$2:$F$2540,">=0"),IF($B$3="All",SUMIFS('Performance Data'!$F$2:$F$2540,'Performance Data'!$B$2:$B$2540,A22,'Performance Data'!$H$2:$H$2540,$B$4)/COUNTIFS('Performance Data'!$B$2:$B$2540,A22,'Performance Data'!$H$2:$H$2540,$B$4,'Performance Data'!$F$2:$F$2540,">=0"),IF($B$4="All",SUMIFS('Performance Data'!$F$2:$F$2540,'Performance Data'!$B$2:$B$2540,A22,'Performance Data'!$G$2:$G$2540,$B$3)/COUNTIFS('Performance Data'!$B$2:$B$2540,A22,'Performance Data'!$G$2:$G$2540,$B$3,'Performance Data'!$F$2:$F$2540,">=0"),SUMIFS('Performance Data'!$F$2:$F$2540,'Performance Data'!$B$2:$B$2540,A22,'Performance Data'!$G$2:$G$2540,$B$3,'Performance Data'!$H$2:$H$2540,$B$4)/COUNTIFS('Performance Data'!$B$2:$B$2540,A22,'Performance Data'!$G$2:$G$2540,$B$3,'Performance Data'!$H$2:$H$2540,$B$4,'Performance Data'!$F$2:$F$2540,">=0")))),"") -> 0.8239802 | C22: =IFERROR(IF($B$3="All",SUMIFS('Performance Data'!$F$2:$F$2540,'Performance Data'!$B$2:$B$2540,A22)/COUNTIFS('Performance Data'!$B$2:$B$2540,A22,'Performance Data'!$F$2:$F$2540,">=0"),SUMIFS('Performance Data'!$F$2:$F$2540,'Performance Data'!$B$2:$B$2540,A22,'Performance Data'!$G$2:$G$2540,$B$3)/COUNTIFS('Performance Data'!$B$2:$B$2540,A22,'Performance Data'!$G$2:$G$2540,$B$3,'Performance Data'!$F$2:$F$2540,">=0")),"") -> 0.79914676 | D22: =IFERROR(IF($B$4="All",SUMIFS('Performance Data'!$F$2:$F$2540,'Performance Data'!$B$2:$B$2540,A22)/COUNTIFS('Performance Data'!$B$2:$B$2540,A22,'Performance Data'!$F$2:$F$2540,">=0"),SUMIFS('Performance Data'!$F$2:$F$2540,'Performance Data'!$B$2:$B$2540,A22,'Performance Data'!$H$2:$H$2540,$B$4)/COUNTIFS('Performance Data'!$B$2:$B$2540,A22,'Performance Data'!$H$2:$H$2540,$B$4,'Performance Data'!$F$2:$F$2540,">=0")),"") -> 0.84124521 | E22: =IFERROR(SUMIFS('Performance Data'!$F$2:$F$2540,'Performance Data'!$B$2:$B$2540,A22)/COUNTIFS('Performance Data'!$B$2:$B$2540,A22,'Performance Data'!$F$2:$F$2540,">=0"),"") -> 0.84267885
A23: 45931 | B23: =IFERROR(IF(AND($B$3="All",$B$4="All"),SUMIFS('Performance Data'!$F$2:$F$2540,'Performance Data'!$B$2:$B$2540,A23)/COUNTIFS('Performance Data'!$B$2:$B$2540,A23,'Performance Data'!$F$2:$F$2540,">=0"),IF($B$3="All",SUMIFS('Performance Data'!$F$2:$F$2540,'Performance Data'!$B$2:$B$2540,A23,'Performance Data'!$H$2:$H$2540,$B$4)/COUNTIFS('Performance Data'!$B$2:$B$2540,A23,'Performance Data'!$H$2:$H$2540,$B$4,'Performance Data'!$F$2:$F$2540,">=0"),IF($B$4="All",SUMIFS('Performance Data'!$F$2:$F$2540,'Performance Data'!$B$2:$B$2540,A23,'Performance Data'!$G$2:$G$2540,$B$3)/COUNTIFS('Performance Data'!$B$2:$B$2540,A23,'Performance Data'!$G$2:$G$2540,$B$3,'Performance Data'!$F$2:$F$2540,">=0"),SUMIFS('Performance Data'!$F$2:$F$2540,'Performance Data'!$B$2:$B$2540,A23,'Performance Data'!$G$2:$G$2540,$B$3,'Performance Data'!$H$2:$H$2540,$B$4)/COUNTIFS('Performance Data'!$B$2:$B$2540,A23,'Performance Data'!$G$2:$G$2540,$B$3,'Performance Data'!$H$2:$H$2540,$B$4,'Performance Data'!$F$2:$F$2540,">=0")))),"") -> 0.83337759 | C23: =IFERROR(IF($B$3="All",SUMIFS('Performance Data'!$F$2:$F$2540,'Performance Data'!$B$2:$B$2540,A23)/COUNTIFS('Performance Data'!$B$2:$B$2540,A23,'Performance Data'!$F$2:$F$2540,">=0"),SUMIFS('Performance Data'!$F$2:$F$2540,'Performance Data'!$B$2:$B$2540,A23,'Performance Data'!$G$2:$G$2540,$B$3)/COUNTIFS('Performance Data'!$B$2:$B$2540,A23,'Performance Data'!$G$2:$G$2540,$B$3,'Performance Data'!$F$2:$F$2540,">=0")),"") -> 0.84885713 | D23: =IFERROR(IF($B$4="All",SUMIFS('Performance Data'!$F$2:$F$2540,'Performance Data'!$B$2:$B$2540,A23)/COUNTIFS('Performance Data'!$B$2:$B$2540,A23,'Performance Data'!$F$2:$F$2540,">=0"),SUMIFS('Performance Data'!$F$2:$F$2540,'Performance Data'!$B$2:$B$2540,A23,'Performance Data'!$H$2:$H$2540,$B$4)/COUNTIFS('Performance Data'!$B$2:$B$2540,A23,'Performance Data'!$H$2:$H$2540,$B$4,'Performance Data'!$F$2:$F$2540,">=0")),"") -> 0.83130564 | E23: =IFERROR(SUMIFS('Performance Data'!$F$2:$F$2540,'Performance Data'!$B$2:$B$2540,A23)/COUNTIFS('Performance Data'!$B$2:$B$2540,A23,'Performance Data'!$F$2:$F$2540,">=0"),"") -> 0.84247726
A24: 45962 | B24: =IFERROR(IF(AND($B$3="All",$B$4="All"),SUMIFS('Performance Data'!$F$2:$F$2540,'Performance Data'!$B$2:$B$2540,A24)/COUNTIFS('Performance Data'!$B$2:$B$2540,A24,'Performance Data'!$F$2:$F$2540,">=0"),IF($B$3="All",SUMIFS('Performance Data'!$F$2:$F$2540,'Performance Data'!$B$2:$B$2540,A24,'Performance Data'!$H$2:$H$2540,$B$4)/COUNTIFS('Performance Data'!$B$2:$B$2540,A24,'Performance Data'!$H$2:$H$2540,$B$4,'Performance Data'!$F$2:$F$2540,">=0"),IF($B$4="All",SUMIFS('Performance Data'!$F$2:$F$2540,'Performance Data'!$B$2:$B$2540,A24,'Performance Data'!$G$2:$G$2540,$B$3)/COUNTIFS('Performance Data'!$B$2:$B$2540,A24,'Performance Data'!$G$2:$G$2540,$B$3,'Performance Data'!$F$2:$F$2540,">=0"),SUMIFS('Performance Data'!$F$2:$F$2540,'Performance Data'!$B$2:$B$2540,A24,'Performance Data'!$G$2:$G$2540,$B$3,'Performance Data'!$H$2:$H$2540,$B$4)/COUNTIFS('Performance Data'!$B$2:$B$2540,A24,'Performance Data'!$G$2:$G$2540,$B$3,'Performance Data'!$H$2:$H$2540,$B$4,'Performance Data'!$F$2:$F$2540,">=0")))),"") -> 0.81157369 | C24: =IFERROR(IF($B$3="All",SUMIFS('Performance Data'!$F$2:$F$2540,'Performance Data'!$B$2:$B$2540,A24)/COUNTIFS('Performance Data'!$B$2:$B$2540,A24,'Performance Data'!$F$2:$F$2540,">=0"),SUMIFS('Performance Data'!$F$2:$F$2540,'Performance Data'!$B$2:$B$2540,A24,'Performance Data'!$G$2:$G$2540,$B$3)/COUNTIFS('Performance Data'!$B$2:$B$2540,A24,'Performance Data'!$G$2:$G$2540,$B$3,'Performance Data'!$F$2:$F$2540,">=0")),"") -> 0.83976165 | D24: =IFERROR(IF($B$4="All",SUMIFS('Performance Data'!$F$2:$F$2540,'Performance Data'!$B$2:$B$2540,A24)/COUNTIFS('Performance Data'!$B$2:$B$2540,A24,'Performance Data'!$F$2:$F$2540,">=0"),SUMIFS('Performance Data'!$F$2:$F$2540,'Performance Data'!$B$2:$B$2540,A24,'Performance Data'!$H$2:$H$2540,$B$4)/COUNTIFS('Performance Data'!$B$2:$B$2540,A24,'Performance Data'!$H$2:$H$2540,$B$4,'Performance Data'!$F$2:$F$2540,">=0")),"") -> 0.84183397 | E24: =IFERROR(SUMIFS('Performance Data'!$F$2:$F$2540,'Performance Data'!$B$2:$B$2540,A24)/COUNTIFS('Performance Data'!$B$2:$B$2540,A24,'Performance Data'!$F$2:$F$2540,">=0"),"") -> 0.85216422
A25: 45992 | B25: =IFERROR(IF(AND($B$3="All",$B$4="All"),SUMIFS('Performance Data'!$F$2:$F$2540,'Performance Data'!$B$2:$B$2540,A25)/COUNTIFS('Performance Data'!$B$2:$B$2540,A25,'Performance Data'!$F$2:$F$2540,">=0"),IF($B$3="All",SUMIFS('Performance Data'!$F$2:$F$2540,'Performance Data'!$B$2:$B$2540,A25,'Performance Data'!$H$2:$H$2540,$B$4)/COUNTIFS('Performance Data'!$B$2:$B$2540,A25,'Performance Data'!$H$2:$H$2540,$B$4,'Performance Data'!$F$2:$F$2540,">=0"),IF($B$4="All",SUMIFS('Performance Data'!$F$2:$F$2540,'Performance Data'!$B$2:$B$2540,A25,'Performance Data'!$G$2:$G$2540,$B$3)/COUNTIFS('Performance Data'!$B$2:$B$2540,A25,'Performance Data'!$G$2:$G$2540,$B$3,'Performance Data'!$F$2:$F$2540,">=0"),SUMIFS('Performance Data'!$F$2:$F$2540,'Performance Data'!$B$2:$B$2540,A25,'Performance Data'!$G$2:$G$2540,$B$3,'Performance Data'!$H$2:$H$2540,$B$4)/COUNTIFS('Performance Data'!$B$2:$B$2540,A25,'Performance Data'!$G$2:$G$2540,$B$3,'Performance Data'!$H$2:$H$2540,$B$4,'Performance Data'!$F$2:$F$2540,">=0")))),"") -> 0.61082406 | C25: =IFERROR(IF($B$3="All",SUMIFS('Performance Data'!$F$2:$F$2540,'Performance Data'!$B$2:$B$2540,A25)/COUNTIFS('Performance Data'!$B$2:$B$2540,A25,'Performance Data'!$F$2:$F$2540,">=0"),SUMIFS('Performance Data'!$F$2:$F$2540,'Performance Data'!$B$2:$B$2540,A25,'Performance Data'!$G$2:$G$2540,$B$3)/COUNTIFS('Performance Data'!$B$2:$B$2540,A25,'Performance Data'!$G$2:$G$2540,$B$3,'Performance Data'!$F$2:$F$2540,">=0")),"") -> 0.65276838 | D25: =IFERROR(IF($B$4="All",SUMIFS('Performance Data'!$F$2:$F$2540,'Performance Data'!$B$2:$B$2540,A25)/COUNTIFS('Performance Data'!$B$2:$B$2540,A25,'Performance Data'!$F$2:$F$2540,">=0"),SUMIFS('Performance Data'!$F$2:$F$2540,'Performance Data'!$B$2:$B$2540,A25,'Performance Data'!$H$2:$H$2540,$B$4)/COUNTIFS('Performance Data'!$B$2:$B$2540,A25,'Performance Data'!$H$2:$H$2540,$B$4,'Performance Data'!$F$2:$F$2540,">=0")),"") -> 0.67611747 | E25: =IFERROR(SUMIFS('Performance Data'!$F$2:$F$2540,'Performance Data'!$B$2:$B$2540,A25)/COUNTIFS('Performance Data'!$B$2:$B$2540,A25,'Performance Data'!$F$2:$F$2540,">=0"),"") -> 0.7046142
